Class,Confidence,X,Y,Width,Height,Timestamp
"17:47 PM Wednesday, 08 November 2023 ()",hyena danger,353,102,539,391
"17:47 PM Wednesday, 08 November 2023 ()",hyena danger,349,88,540,409
"17:47 PM Wednesday, 08 November 2023 ()",hyena danger,351,93,541,404
"17:47 PM Wednesday, 08 November 2023 ()",hyena danger,346,97,532,405
"17:47 PM Wednesday, 08 November 2023 ()",hyena danger,347,105,531,392
"17:47 PM Wednesday, 08 November 2023 ()",hyena danger,337,87,538,338
"17:47 PM Wednesday, 08 November 2023 ()",hyena danger,284,108,464,363
"17:47 PM Wednesday, 08 November 2023 ()",hyena danger,255,118,447,363
"17:47 PM Wednesday, 08 November 2023 ()",hyena danger,238,111,421,369
"17:47 PM Wednesday, 08 November 2023 ()",hyena danger,234,112,410,367
"17:47 PM Wednesday, 08 November 2023 ()",hyena danger,227,110,406,372
"17:47 PM Wednesday, 08 November 2023 ()",hyena danger,233,110,408,377
"17:47 PM Wednesday, 08 November 2023 ()",hyena danger,234,112,410,376
"17:47 PM Wednesday, 08 November 2023 ()",hyena danger,236,112,414,371
"17:47 PM Wednesday, 08 November 2023 ()",hyena danger,238,114,416,370
"17:47 PM Wednesday, 08 November 2023 ()",hyena danger,237,112,415,372
"17:47 PM Wednesday, 08 November 2023 ()",hyena danger,240,112,416,371
"17:47 PM Wednesday, 08 November 2023 ()",hyena danger,236,112,418,368
"17:47 PM Wednesday, 08 November 2023 ()",hyena danger,250,110,424,372
"17:47 PM Wednesday, 08 November 2023 ()",hyena danger,264,123,462,362
"17:48 PM Wednesday, 08 November 2023 ()",hyena danger,207,112,398,380
"17:48 PM Wednesday, 08 November 2023 ()",hyena danger,206,106,380,390
"17:48 PM Wednesday, 08 November 2023 ()",hyena danger,198,104,383,396
"17:48 PM Wednesday, 08 November 2023 ()",hyena danger,200,98,383,397
"17:48 PM Wednesday, 08 November 2023 ()",hyena danger,199,99,386,394
"17:48 PM Wednesday, 08 November 2023 ()",hyena danger,197,101,388,398
"17:48 PM Wednesday, 08 November 2023 ()",hyena danger,198,101,387,397
"17:48 PM Wednesday, 08 November 2023 ()",hyena danger,201,111,393,382
"17:48 PM Wednesday, 08 November 2023 ()",hyena danger,193,101,392,393
"17:48 PM Wednesday, 08 November 2023 ()",hyena danger,195,105,388,393
"17:48 PM Wednesday, 08 November 2023 ()",hyena danger,194,104,389,396
"17:48 PM Wednesday, 08 November 2023 ()",hyena danger,194,105,391,395
"17:48 PM Wednesday, 08 November 2023 ()",hyena danger,201,109,393,390
"17:48 PM Wednesday, 08 November 2023 ()",hyena danger,202,107,393,393
"17:48 PM Wednesday, 08 November 2023 ()",hyena danger,204,106,393,389
"17:48 PM Wednesday, 08 November 2023 ()",hyena danger,204,109,395,388
"17:48 PM Wednesday, 08 November 2023 ()",hyena danger,204,112,398,381
"17:48 PM Wednesday, 08 November 2023 ()",hyena danger,205,114,400,375
"17:48 PM Wednesday, 08 November 2023 ()",hyena danger,210,112,403,379
"17:48 PM Wednesday, 08 November 2023 ()",hyena danger,219,109,410,374
"17:48 PM Wednesday, 08 November 2023 ()",hyena danger,226,109,413,377
"17:48 PM Wednesday, 08 November 2023 ()",hyena danger,232,107,416,375
"17:48 PM Wednesday, 08 November 2023 ()",hyena danger,239,103,414,381
"17:48 PM Wednesday, 08 November 2023 ()",hyena danger,240,106,421,380
"17:48 PM Wednesday, 08 November 2023 ()",hyena danger,242,104,424,382
"17:48 PM Wednesday, 08 November 2023 ()",hyena danger,245,99,420,382
"17:49 PM Wednesday, 08 November 2023 ()",hyena danger,252,141,409,391
"17:49 PM Wednesday, 08 November 2023 ()",hyena danger,250,135,414,388
"17:49 PM Wednesday, 08 November 2023 ()",hyena danger,252,131,409,392
"17:49 PM Wednesday, 08 November 2023 ()",hyena danger,257,131,420,393
"17:49 PM Wednesday, 08 November 2023 ()",hyena danger,262,130,419,392
"17:49 PM Wednesday, 08 November 2023 ()",hyena danger,273,133,434,389
"17:49 PM Wednesday, 08 November 2023 ()",hyena danger,270,137,442,370
"17:49 PM Wednesday, 08 November 2023 ()",hyena danger,279,135,443,387
"17:49 PM Wednesday, 08 November 2023 ()",hyena danger,278,137,446,385
"17:49 PM Wednesday, 08 November 2023 ()",hyena danger,277,130,444,393
"17:49 PM Wednesday, 08 November 2023 ()",hyena danger,280,130,449,392
"17:49 PM Wednesday, 08 November 2023 ()",hyena danger,281,132,462,375
"17:49 PM Wednesday, 08 November 2023 ()",hyena danger,329,118,520,386
"17:49 PM Wednesday, 08 November 2023 ()",hyena danger,372,128,541,396
"17:49 PM Wednesday, 08 November 2023 ()",hyena danger,386,112,583,385
"17:49 PM Wednesday, 08 November 2023 ()",hyena danger,417,103,608,395
"17:49 PM Wednesday, 08 November 2023 ()",hyena danger,427,102,623,392
"17:49 PM Wednesday, 08 November 2023 ()",hyena danger,434,102,625,396
"17:49 PM Wednesday, 08 November 2023 ()",hyena danger,428,100,619,394
"17:49 PM Wednesday, 08 November 2023 ()",hyena danger,429,97,617,403
"17:49 PM Wednesday, 08 November 2023 ()",hyena danger,432,124,626,377
"17:50 PM Wednesday, 08 November 2023 ()",hyena danger,358,93,553,379
"17:50 PM Wednesday, 08 November 2023 ()",hyena danger,367,86,561,380
"17:50 PM Wednesday, 08 November 2023 ()",hyena danger,358,89,555,377
"17:50 PM Wednesday, 08 November 2023 ()",hyena danger,346,82,546,388
"17:50 PM Wednesday, 08 November 2023 ()",hyena danger,347,86,543,394
"17:50 PM Wednesday, 08 November 2023 ()",hyena danger,344,77,536,391
"17:50 PM Wednesday, 08 November 2023 ()",hyena danger,343,84,534,386
"17:50 PM Wednesday, 08 November 2023 ()",hyena danger,355,86,543,392
"17:50 PM Wednesday, 08 November 2023 ()",hyena danger,267,109,455,385
"17:50 PM Wednesday, 08 November 2023 ()",hyena danger,245,97,427,401
"17:50 PM Wednesday, 08 November 2023 ()",hyena danger,230,114,423,388
"17:50 PM Wednesday, 08 November 2023 ()",hyena danger,228,109,421,397
"17:50 PM Wednesday, 08 November 2023 ()",hyena danger,233,114,428,389
"17:50 PM Wednesday, 08 November 2023 ()",hyena danger,240,109,432,397
"17:50 PM Wednesday, 08 November 2023 ()",hyena danger,241,109,430,395
"17:50 PM Wednesday, 08 November 2023 ()",hyena danger,236,109,429,395
"17:50 PM Wednesday, 08 November 2023 ()",hyena danger,236,109,428,396
"17:50 PM Wednesday, 08 November 2023 ()",hyena danger,228,109,428,397
"17:50 PM Wednesday, 08 November 2023 ()",hyena danger,241,102,424,402
"17:50 PM Wednesday, 08 November 2023 ()",hyena danger,272,108,476,387
"17:50 PM Wednesday, 08 November 2023 ()",hyena danger,233,102,438,401
"17:50 PM Wednesday, 08 November 2023 ()",hyena danger,223,112,425,395
"17:50 PM Wednesday, 08 November 2023 ()",hyena danger,217,122,412,404
"17:50 PM Wednesday, 08 November 2023 ()",hyena danger,197,109,401,403
"17:50 PM Wednesday, 08 November 2023 ()",hyena danger,201,117,399,405
"17:50 PM Wednesday, 08 November 2023 ()",hyena danger,201,109,399,412
"17:50 PM Wednesday, 08 November 2023 ()",hyena danger,204,114,396,409
"17:50 PM Wednesday, 08 November 2023 ()",hyena danger,204,111,395,411
"17:50 PM Wednesday, 08 November 2023 ()",hyena danger,198,105,402,417
"17:50 PM Wednesday, 08 November 2023 ()",hyena danger,209,118,402,404
"17:50 PM Wednesday, 08 November 2023 ()",hyena danger,296,141,516,393
"17:50 PM Wednesday, 08 November 2023 ()",hyena danger,265,150,460,402
"17:50 PM Wednesday, 08 November 2023 ()",hyena danger,201,128,402,428
"17:50 PM Wednesday, 08 November 2023 ()",hyena danger,186,120,381,431
"17:50 PM Wednesday, 08 November 2023 ()",hyena danger,175,116,384,429
"17:50 PM Wednesday, 08 November 2023 ()",hyena danger,172,113,380,434
"17:50 PM Wednesday, 08 November 2023 ()",hyena danger,161,114,378,437
"17:50 PM Wednesday, 08 November 2023 ()",hyena danger,160,113,378,436
"17:50 PM Wednesday, 08 November 2023 ()",hyena danger,160,107,379,442
"17:50 PM Wednesday, 08 November 2023 ()",hyena danger,163,109,382,439
"17:50 PM Wednesday, 08 November 2023 ()",hyena danger,169,113,386,434
"17:50 PM Wednesday, 08 November 2023 ()",hyena danger,186,118,393,430
"17:50 PM Wednesday, 08 November 2023 ()",hyena danger,178,117,379,429
"17:50 PM Wednesday, 08 November 2023 ()",hyena danger,168,123,370,438
"17:50 PM Wednesday, 08 November 2023 ()",hyena danger,156,114,371,436
"17:50 PM Wednesday, 08 November 2023 ()",hyena danger,154,116,367,438
"17:50 PM Wednesday, 08 November 2023 ()",hyena danger,158,112,368,436
"17:50 PM Wednesday, 08 November 2023 ()",hyena danger,155,122,384,424
"17:50 PM Wednesday, 08 November 2023 ()",hyena danger,173,121,380,437
"17:50 PM Wednesday, 08 November 2023 ()",hyena danger,184,128,391,436
"17:50 PM Wednesday, 08 November 2023 ()",hyena danger,200,122,408,438
"17:50 PM Wednesday, 08 November 2023 ()",hyena danger,204,111,419,433
"17:50 PM Wednesday, 08 November 2023 ()",hyena danger,204,108,415,422
"17:50 PM Wednesday, 08 November 2023 ()",hyena danger,209,112,412,412
"17:50 PM Wednesday, 08 November 2023 ()",hyena danger,209,111,412,413
"17:50 PM Wednesday, 08 November 2023 ()",hyena danger,208,124,401,401
"17:50 PM Wednesday, 08 November 2023 ()",hyena danger,205,120,396,407
"17:50 PM Wednesday, 08 November 2023 ()",hyena danger,203,122,396,405
"17:50 PM Wednesday, 08 November 2023 ()",hyena danger,209,124,387,408
"17:50 PM Wednesday, 08 November 2023 ()",hyena danger,205,128,390,402
"17:50 PM Wednesday, 08 November 2023 ()",hyena danger,199,120,380,408
"17:50 PM Wednesday, 08 November 2023 ()",hyena danger,198,120,382,406
"17:50 PM Wednesday, 08 November 2023 ()",hyena danger,199,114,380,414
"17:50 PM Wednesday, 08 November 2023 ()",hyena danger,207,130,389,402
"17:50 PM Wednesday, 08 November 2023 ()",hyena danger,216,129,392,409
"17:50 PM Wednesday, 08 November 2023 ()",hyena danger,221,117,396,417
"17:50 PM Wednesday, 08 November 2023 ()",hyena danger,226,119,406,408
"17:50 PM Wednesday, 08 November 2023 ()",hyena danger,223,118,406,415
"17:50 PM Wednesday, 08 November 2023 ()",hyena danger,228,114,402,413
"17:50 PM Wednesday, 08 November 2023 ()",hyena danger,225,119,400,414
"17:50 PM Wednesday, 08 November 2023 ()",hyena danger,226,128,401,409
"17:50 PM Wednesday, 08 November 2023 ()",hyena danger,218,135,393,411
"17:54 PM Wednesday, 08 November 2023 ()",hyena danger,282,0,430,37
"17:54 PM Wednesday, 08 November 2023 ()",hyena danger,284,-1,427,42
"17:55 PM Wednesday, 08 November 2023 ()",hyena danger,329,-12,466,242
"17:55 PM Wednesday, 08 November 2023 ()",hyena danger,310,115,479,389
"17:55 PM Wednesday, 08 November 2023 ()",hyena danger,307,118,489,384
"17:55 PM Wednesday, 08 November 2023 ()",hyena danger,307,118,493,383
"17:55 PM Wednesday, 08 November 2023 ()",hyena danger,309,122,489,380
"17:55 PM Wednesday, 08 November 2023 ()",hyena danger,309,117,495,379
"17:55 PM Wednesday, 08 November 2023 ()",hyena danger,319,126,512,378
"17:55 PM Wednesday, 08 November 2023 ()",hyena danger,323,124,511,377
"17:55 PM Wednesday, 08 November 2023 ()",hyena danger,319,119,510,380
"17:55 PM Wednesday, 08 November 2023 ()",hyena danger,317,121,507,377
"17:55 PM Wednesday, 08 November 2023 ()",hyena danger,320,116,504,386
"17:55 PM Wednesday, 08 November 2023 ()",hyena danger,317,121,507,375
"17:55 PM Wednesday, 08 November 2023 ()",hyena danger,317,121,506,377
"17:55 PM Wednesday, 08 November 2023 ()",hyena danger,321,124,517,375
"17:55 PM Wednesday, 08 November 2023 ()",hyena danger,345,100,530,394
"17:55 PM Wednesday, 08 November 2023 ()",hyena danger,368,100,553,395
"17:55 PM Wednesday, 08 November 2023 ()",hyena danger,396,106,578,396
"17:55 PM Wednesday, 08 November 2023 ()",hyena danger,408,111,603,393
"17:55 PM Wednesday, 08 November 2023 ()",hyena danger,397,95,598,405
"17:55 PM Wednesday, 08 November 2023 ()",hyena danger,196,156,364,419
"17:55 PM Wednesday, 08 November 2023 ()",hyena danger,181,154,360,420
"17:55 PM Wednesday, 08 November 2023 ()",hyena danger,197,149,368,421
"17:55 PM Wednesday, 08 November 2023 ()",hyena danger,364,104,557,391
"17:55 PM Wednesday, 08 November 2023 ()",hyena danger,377,105,574,394
"17:55 PM Wednesday, 08 November 2023 ()",hyena danger,366,100,568,400
"17:55 PM Wednesday, 08 November 2023 ()",hyena danger,360,122,545,399
"17:55 PM Wednesday, 08 November 2023 ()",hyena danger,340,99,531,396
"17:55 PM Wednesday, 08 November 2023 ()",hyena danger,342,110,520,391
"17:55 PM Wednesday, 08 November 2023 ()",hyena danger,343,112,518,390
"17:55 PM Wednesday, 08 November 2023 ()",hyena danger,343,111,524,391
"17:55 PM Wednesday, 08 November 2023 ()",hyena danger,347,102,527,399
"17:55 PM Wednesday, 08 November 2023 ()",hyena danger,366,82,560,404
"17:55 PM Wednesday, 08 November 2023 ()",hyena danger,310,95,545,392
"17:55 PM Wednesday, 08 November 2023 ()",hyena danger,295,98,481,397
"17:55 PM Wednesday, 08 November 2023 ()",hyena danger,263,109,464,395
"17:55 PM Wednesday, 08 November 2023 ()",hyena danger,248,109,446,389
"17:55 PM Wednesday, 08 November 2023 ()",hyena danger,242,96,442,407
"17:55 PM Wednesday, 08 November 2023 ()",hyena danger,242,99,441,406
"17:55 PM Wednesday, 08 November 2023 ()",hyena danger,243,98,441,408
"17:55 PM Wednesday, 08 November 2023 ()",hyena danger,238,101,444,405
"17:55 PM Wednesday, 08 November 2023 ()",hyena danger,242,97,442,408
"17:55 PM Wednesday, 08 November 2023 ()",hyena danger,244,100,438,408
"17:55 PM Wednesday, 08 November 2023 ()",hyena danger,242,102,442,406
"17:55 PM Wednesday, 08 November 2023 ()",hyena danger,244,100,440,409
"17:55 PM Wednesday, 08 November 2023 ()",hyena danger,242,100,440,410
"17:55 PM Wednesday, 08 November 2023 ()",hyena danger,242,100,441,409
"17:55 PM Wednesday, 08 November 2023 ()",hyena danger,241,105,440,406
"17:55 PM Wednesday, 08 November 2023 ()",hyena danger,243,99,442,406
"17:55 PM Wednesday, 08 November 2023 ()",hyena danger,263,108,449,391
"17:56 PM Wednesday, 08 November 2023 ()",hyena danger,236,101,428,405
"17:56 PM Wednesday, 08 November 2023 ()",hyena danger,226,116,418,410
"17:56 PM Wednesday, 08 November 2023 ()",hyena danger,211,114,411,409
"17:56 PM Wednesday, 08 November 2023 ()",hyena danger,213,108,406,417
"17:56 PM Wednesday, 08 November 2023 ()",hyena danger,217,111,410,412
"17:56 PM Wednesday, 08 November 2023 ()",hyena danger,222,117,419,409
"17:56 PM Wednesday, 08 November 2023 ()",hyena danger,218,110,417,414
"17:56 PM Wednesday, 08 November 2023 ()",hyena danger,221,110,418,414
"17:56 PM Wednesday, 08 November 2023 ()",hyena danger,221,113,414,412
"17:56 PM Wednesday, 08 November 2023 ()",hyena danger,219,111,411,412
"17:56 PM Wednesday, 08 November 2023 ()",hyena danger,215,116,412,411
"17:56 PM Wednesday, 08 November 2023 ()",hyena danger,215,115,410,412
"17:56 PM Wednesday, 08 November 2023 ()",hyena danger,216,115,412,411
"17:56 PM Wednesday, 08 November 2023 ()",hyena danger,222,114,416,414
"17:56 PM Wednesday, 08 November 2023 ()",hyena danger,217,113,418,412
"17:56 PM Wednesday, 08 November 2023 ()",hyena danger,221,113,419,412
"17:56 PM Wednesday, 08 November 2023 ()",hyena danger,225,111,418,415
"17:56 PM Wednesday, 08 November 2023 ()",hyena danger,228,107,421,420
"17:56 PM Wednesday, 08 November 2023 ()",hyena danger,229,109,426,419
"17:56 PM Wednesday, 08 November 2023 ()",hyena danger,230,109,427,425
"17:56 PM Wednesday, 08 November 2023 ()",hyena danger,231,104,432,431
"17:56 PM Wednesday, 08 November 2023 ()",hyena danger,237,110,431,429
"17:56 PM Wednesday, 08 November 2023 ()",hyena danger,237,101,430,436
"17:56 PM Wednesday, 08 November 2023 ()",hyena danger,243,98,428,435
"17:56 PM Wednesday, 08 November 2023 ()",hyena danger,251,100,425,434
"17:56 PM Wednesday, 08 November 2023 ()",hyena danger,247,94,427,436
"17:56 PM Wednesday, 08 November 2023 ()",hyena danger,253,89,427,441
"17:56 PM Wednesday, 08 November 2023 ()",hyena danger,262,101,433,429
"17:56 PM Wednesday, 08 November 2023 ()",hyena danger,258,111,442,416
"17:56 PM Wednesday, 08 November 2023 ()",hyena danger,248,98,451,409
"17:56 PM Wednesday, 08 November 2023 ()",hyena danger,255,104,460,403
"17:56 PM Wednesday, 08 November 2023 ()",hyena danger,266,97,470,413
"17:56 PM Wednesday, 08 November 2023 ()",hyena danger,288,118,477,406
"17:56 PM Wednesday, 08 November 2023 ()",hyena danger,296,109,499,417
"17:56 PM Wednesday, 08 November 2023 ()",hyena danger,304,98,511,408
"17:56 PM Wednesday, 08 November 2023 ()",hyena danger,320,91,527,412
"17:56 PM Wednesday, 08 November 2023 ()",hyena danger,322,113,518,410
"17:56 PM Wednesday, 08 November 2023 ()",hyena danger,298,130,479,405
"17:56 PM Wednesday, 08 November 2023 ()",hyena danger,264,100,447,394
"17:56 PM Wednesday, 08 November 2023 ()",hyena danger,222,117,432,410
"17:56 PM Wednesday, 08 November 2023 ()",hyena danger,206,119,412,427
"17:56 PM Wednesday, 08 November 2023 ()",hyena danger,194,123,389,435
"17:56 PM Wednesday, 08 November 2023 ()",hyena danger,189,116,390,437
"17:56 PM Wednesday, 08 November 2023 ()",hyena danger,193,126,391,431
"17:56 PM Wednesday, 08 November 2023 ()",hyena danger,206,117,425,433
"17:56 PM Wednesday, 08 November 2023 ()",hyena danger,312,118,552,427
"17:56 PM Wednesday, 08 November 2023 ()",hyena danger,346,124,586,419
"17:56 PM Wednesday, 08 November 2023 ()",hyena danger,379,101,589,430
"17:56 PM Wednesday, 08 November 2023 ()",hyena danger,379,102,585,426
"17:56 PM Wednesday, 08 November 2023 ()",hyena danger,361,106,586,429
"17:56 PM Wednesday, 08 November 2023 ()",hyena danger,347,110,566,425
"17:56 PM Wednesday, 08 November 2023 ()",hyena danger,308,96,523,399
"17:56 PM Wednesday, 08 November 2023 ()",hyena danger,250,141,449,428
"17:56 PM Wednesday, 08 November 2023 ()",hyena danger,217,142,420,431
"17:56 PM Wednesday, 08 November 2023 ()",hyena danger,195,136,406,433
"17:56 PM Wednesday, 08 November 2023 ()",hyena danger,187,123,388,461
"17:56 PM Wednesday, 08 November 2023 ()",hyena danger,170,137,381,445
"17:56 PM Wednesday, 08 November 2023 ()",hyena danger,168,133,379,450
"17:56 PM Wednesday, 08 November 2023 ()",hyena danger,169,139,380,444
"17:56 PM Wednesday, 08 November 2023 ()",hyena danger,181,133,385,446
"17:56 PM Wednesday, 08 November 2023 ()",hyena danger,200,139,399,441
"17:56 PM Wednesday, 08 November 2023 ()",hyena danger,235,142,423,432
"17:56 PM Wednesday, 08 November 2023 ()",hyena danger,299,135,531,412
"17:56 PM Wednesday, 08 November 2023 ()",hyena danger,343,120,575,418
"17:56 PM Wednesday, 08 November 2023 ()",hyena danger,379,103,591,431
"17:56 PM Wednesday, 08 November 2023 ()",hyena danger,372,107,586,432
"17:56 PM Wednesday, 08 November 2023 ()",hyena danger,317,131,561,419
"17:56 PM Wednesday, 08 November 2023 ()",hyena danger,294,132,513,428
"17:56 PM Wednesday, 08 November 2023 ()",hyena danger,262,134,474,435
"17:56 PM Wednesday, 08 November 2023 ()",hyena danger,239,122,455,437
"17:56 PM Wednesday, 08 November 2023 ()",hyena danger,239,118,456,444
"17:56 PM Wednesday, 08 November 2023 ()",hyena danger,268,141,480,418
"17:56 PM Wednesday, 08 November 2023 ()",hyena danger,286,136,533,410
"17:56 PM Wednesday, 08 November 2023 ()",hyena danger,349,116,579,415
"17:56 PM Wednesday, 08 November 2023 ()",hyena danger,378,108,617,431
"17:56 PM Wednesday, 08 November 2023 ()",hyena danger,373,92,589,408
"17:56 PM Wednesday, 08 November 2023 ()",hyena danger,335,125,568,423
"17:56 PM Wednesday, 08 November 2023 ()",hyena danger,290,135,519,422
"17:56 PM Wednesday, 08 November 2023 ()",hyena danger,262,132,476,434
"17:56 PM Wednesday, 08 November 2023 ()",hyena danger,235,132,449,434
"17:56 PM Wednesday, 08 November 2023 ()",hyena danger,238,122,441,433
"17:56 PM Wednesday, 08 November 2023 ()",hyena danger,248,141,471,428
"17:56 PM Wednesday, 08 November 2023 ()",hyena danger,299,133,510,429
"17:56 PM Wednesday, 08 November 2023 ()",hyena danger,345,124,555,431
"17:56 PM Wednesday, 08 November 2023 ()",hyena danger,378,106,585,436
"17:56 PM Wednesday, 08 November 2023 ()",hyena danger,379,102,592,441
"17:56 PM Wednesday, 08 November 2023 ()",hyena danger,338,118,582,419
"17:56 PM Wednesday, 08 November 2023 ()",hyena danger,299,122,541,418
"17:56 PM Wednesday, 08 November 2023 ()",hyena danger,272,129,495,428
"17:56 PM Wednesday, 08 November 2023 ()",hyena danger,252,131,458,433
"17:56 PM Wednesday, 08 November 2023 ()",hyena danger,231,129,441,439
"17:56 PM Wednesday, 08 November 2023 ()",hyena danger,229,124,439,445
"17:56 PM Wednesday, 08 November 2023 ()",hyena danger,250,136,458,433
"17:56 PM Wednesday, 08 November 2023 ()",hyena danger,255,127,487,426
"17:56 PM Wednesday, 08 November 2023 ()",hyena danger,297,131,524,422
"17:56 PM Wednesday, 08 November 2023 ()",hyena danger,338,135,565,418
"17:56 PM Wednesday, 08 November 2023 ()",hyena danger,376,116,584,426
"17:56 PM Wednesday, 08 November 2023 ()",hyena danger,381,102,619,444
"17:56 PM Wednesday, 08 November 2023 ()",hyena danger,372,119,587,429
"17:56 PM Wednesday, 08 November 2023 ()",hyena danger,302,141,520,420
"17:56 PM Wednesday, 08 November 2023 ()",hyena danger,264,131,490,417
"17:56 PM Wednesday, 08 November 2023 ()",hyena danger,262,116,462,439
"17:56 PM Wednesday, 08 November 2023 ()",hyena danger,257,123,469,425
"17:56 PM Wednesday, 08 November 2023 ()",hyena danger,285,119,492,419
"17:56 PM Wednesday, 08 November 2023 ()",hyena danger,314,99,539,396
"17:56 PM Wednesday, 08 November 2023 ()",hyena danger,359,113,584,418
"17:56 PM Wednesday, 08 November 2023 ()",hyena danger,393,109,620,425
"17:56 PM Wednesday, 08 November 2023 ()",hyena danger,404,103,630,431
"17:56 PM Wednesday, 08 November 2023 ()",hyena danger,404,112,624,424
"17:56 PM Wednesday, 08 November 2023 ()",hyena danger,345,120,567,414
"17:56 PM Wednesday, 08 November 2023 ()",hyena danger,307,126,534,410
"17:56 PM Wednesday, 08 November 2023 ()",hyena danger,294,124,509,413
"17:56 PM Wednesday, 08 November 2023 ()",hyena danger,282,112,485,417
"17:56 PM Wednesday, 08 November 2023 ()",hyena danger,277,112,480,418
"17:56 PM Wednesday, 08 November 2023 ()",hyena danger,280,108,480,424
"17:56 PM Wednesday, 08 November 2023 ()",hyena danger,285,108,489,423
"17:56 PM Wednesday, 08 November 2023 ()",hyena danger,298,120,498,415
"17:56 PM Wednesday, 08 November 2023 ()",hyena danger,300,120,511,413
"17:56 PM Wednesday, 08 November 2023 ()",hyena danger,315,108,511,423
"17:56 PM Wednesday, 08 November 2023 ()",hyena danger,308,109,517,423
"17:56 PM Wednesday, 08 November 2023 ()",hyena danger,302,115,516,424
"17:56 PM Wednesday, 08 November 2023 ()",hyena danger,296,118,502,423
"17:56 PM Wednesday, 08 November 2023 ()",hyena danger,281,119,488,419
"17:56 PM Wednesday, 08 November 2023 ()",hyena danger,271,120,480,423
"17:56 PM Wednesday, 08 November 2023 ()",hyena danger,277,118,478,422
"17:56 PM Wednesday, 08 November 2023 ()",hyena danger,281,122,496,419
"17:56 PM Wednesday, 08 November 2023 ()",hyena danger,303,131,515,415
"17:56 PM Wednesday, 08 November 2023 ()",hyena danger,318,106,521,428
"17:56 PM Wednesday, 08 November 2023 ()",hyena danger,323,105,527,431
"17:56 PM Wednesday, 08 November 2023 ()",hyena danger,312,116,518,423
"17:56 PM Wednesday, 08 November 2023 ()",hyena danger,295,113,510,426
"17:56 PM Wednesday, 08 November 2023 ()",hyena danger,291,115,489,422
"17:56 PM Wednesday, 08 November 2023 ()",hyena danger,278,112,491,421
"17:56 PM Wednesday, 08 November 2023 ()",hyena danger,285,111,487,424
"17:56 PM Wednesday, 08 November 2023 ()",hyena danger,293,112,488,423
"17:56 PM Wednesday, 08 November 2023 ()",hyena danger,300,115,502,422
"17:56 PM Wednesday, 08 November 2023 ()",hyena danger,303,107,514,431
"17:56 PM Wednesday, 08 November 2023 ()",hyena danger,305,109,517,427
"17:56 PM Wednesday, 08 November 2023 ()",hyena danger,304,112,511,427
"17:56 PM Wednesday, 08 November 2023 ()",hyena danger,300,110,507,425
"17:56 PM Wednesday, 08 November 2023 ()",hyena danger,298,112,506,426
"17:56 PM Wednesday, 08 November 2023 ()",hyena danger,296,110,509,426
"17:56 PM Wednesday, 08 November 2023 ()",hyena danger,305,112,508,430
"17:56 PM Wednesday, 08 November 2023 ()",hyena danger,310,105,514,428
"17:56 PM Wednesday, 08 November 2023 ()",hyena danger,316,114,519,422
"17:56 PM Wednesday, 08 November 2023 ()",hyena danger,304,118,520,435
"17:56 PM Wednesday, 08 November 2023 ()",hyena danger,280,121,485,426
"17:56 PM Wednesday, 08 November 2023 ()",hyena danger,271,136,484,434
"17:56 PM Wednesday, 08 November 2023 ()",hyena danger,262,118,468,431
"17:56 PM Wednesday, 08 November 2023 ()",hyena danger,246,118,456,430
"17:56 PM Wednesday, 08 November 2023 ()",hyena danger,248,112,455,436
"17:56 PM Wednesday, 08 November 2023 ()",hyena danger,251,114,455,434
"17:56 PM Wednesday, 08 November 2023 ()",hyena danger,249,114,459,434
"17:56 PM Wednesday, 08 November 2023 ()",hyena danger,254,119,461,426
"17:56 PM Wednesday, 08 November 2023 ()",hyena danger,261,115,465,433
"17:56 PM Wednesday, 08 November 2023 ()",hyena danger,262,120,470,432
"17:56 PM Wednesday, 08 November 2023 ()",hyena danger,261,115,470,430
"17:56 PM Wednesday, 08 November 2023 ()",hyena danger,265,123,469,428
"17:56 PM Wednesday, 08 November 2023 ()",hyena danger,265,119,467,428
"17:56 PM Wednesday, 08 November 2023 ()",hyena danger,259,123,467,430
"17:56 PM Wednesday, 08 November 2023 ()",hyena danger,260,117,470,425
"17:56 PM Wednesday, 08 November 2023 ()",hyena danger,256,116,466,429
"17:56 PM Wednesday, 08 November 2023 ()",hyena danger,264,119,463,426
"17:56 PM Wednesday, 08 November 2023 ()",hyena danger,214,150,359,258
"17:56 PM Wednesday, 08 November 2023 ()",hyena danger,172,144,370,423
"17:56 PM Wednesday, 08 November 2023 ()",hyena danger,160,138,347,437
"17:56 PM Wednesday, 08 November 2023 ()",hyena danger,144,143,335,442
"17:56 PM Wednesday, 08 November 2023 ()",hyena danger,140,143,333,450
"17:56 PM Wednesday, 08 November 2023 ()",hyena danger,133,149,328,453
"17:56 PM Wednesday, 08 November 2023 ()",hyena danger,128,151,325,453
"17:56 PM Wednesday, 08 November 2023 ()",hyena danger,123,153,327,455
"17:56 PM Wednesday, 08 November 2023 ()",hyena danger,123,150,326,451
"17:56 PM Wednesday, 08 November 2023 ()",hyena danger,121,154,330,450
"17:56 PM Wednesday, 08 November 2023 ()",hyena danger,123,154,331,449
"17:56 PM Wednesday, 08 November 2023 ()",hyena danger,124,152,329,451
"17:56 PM Wednesday, 08 November 2023 ()",hyena danger,122,156,326,451
"17:56 PM Wednesday, 08 November 2023 ()",hyena danger,127,150,327,454
"17:56 PM Wednesday, 08 November 2023 ()",hyena danger,128,153,328,453
"17:56 PM Wednesday, 08 November 2023 ()",hyena danger,130,145,327,457
"17:56 PM Wednesday, 08 November 2023 ()",hyena danger,133,145,332,453
"17:56 PM Wednesday, 08 November 2023 ()",hyena danger,135,146,333,452
"17:56 PM Wednesday, 08 November 2023 ()",hyena danger,136,145,333,455
"17:56 PM Wednesday, 08 November 2023 ()",hyena danger,127,148,335,453
"17:56 PM Wednesday, 08 November 2023 ()",hyena danger,128,150,329,454
"17:56 PM Wednesday, 08 November 2023 ()",hyena danger,124,151,331,451
"17:56 PM Wednesday, 08 November 2023 ()",hyena danger,126,147,331,452
"17:56 PM Wednesday, 08 November 2023 ()",hyena danger,135,146,332,450
"17:56 PM Wednesday, 08 November 2023 ()",hyena danger,146,143,332,441
"17:56 PM Wednesday, 08 November 2023 ()",hyena danger,161,150,350,428
"17:56 PM Wednesday, 08 November 2023 ()",hyena danger,188,135,370,440
"17:56 PM Wednesday, 08 November 2023 ()",hyena danger,224,150,390,260
"17:56 PM Wednesday, 08 November 2023 ()",hyena danger,288,125,520,404
"17:56 PM Wednesday, 08 November 2023 ()",hyena danger,353,86,558,405
"17:56 PM Wednesday, 08 November 2023 ()",hyena danger,398,96,607,408
"17:56 PM Wednesday, 08 November 2023 ()",hyena danger,405,105,613,414
"17:56 PM Wednesday, 08 November 2023 ()",hyena danger,400,103,610,421
"17:56 PM Wednesday, 08 November 2023 ()",hyena danger,395,108,605,413
"17:56 PM Wednesday, 08 November 2023 ()",hyena danger,392,103,588,419
"17:56 PM Wednesday, 08 November 2023 ()",hyena danger,392,104,585,415
"17:56 PM Wednesday, 08 November 2023 ()",hyena danger,389,107,599,416
"17:56 PM Wednesday, 08 November 2023 ()",hyena danger,391,106,597,414
"17:56 PM Wednesday, 08 November 2023 ()",hyena danger,396,86,600,417
"17:56 PM Wednesday, 08 November 2023 ()",hyena danger,391,92,601,411
"17:56 PM Wednesday, 08 November 2023 ()",hyena danger,394,102,605,394
"17:56 PM Wednesday, 08 November 2023 ()",hyena danger,395,100,601,393
"17:56 PM Wednesday, 08 November 2023 ()",hyena danger,415,98,607,383
"17:56 PM Wednesday, 08 November 2023 ()",hyena danger,420,112,628,373
"17:56 PM Wednesday, 08 November 2023 ()",hyena danger,456,116,635,380
"17:56 PM Wednesday, 08 November 2023 ()",hyena danger,500,134,648,359
"17:56 PM Wednesday, 08 November 2023 ()",hyena danger,318,113,497,395
"17:56 PM Wednesday, 08 November 2023 ()",hyena danger,325,122,499,400
"17:56 PM Wednesday, 08 November 2023 ()",hyena danger,321,112,496,397
"17:56 PM Wednesday, 08 November 2023 ()",hyena danger,319,110,500,400
"17:56 PM Wednesday, 08 November 2023 ()",hyena danger,316,108,503,391
"17:56 PM Wednesday, 08 November 2023 ()",hyena danger,318,123,496,382
"17:56 PM Wednesday, 08 November 2023 ()",hyena danger,315,125,498,382
"17:56 PM Wednesday, 08 November 2023 ()",hyena danger,319,121,499,384
"17:56 PM Wednesday, 08 November 2023 ()",hyena danger,317,125,498,381
"17:56 PM Wednesday, 08 November 2023 ()",hyena danger,307,124,495,374
"17:56 PM Wednesday, 08 November 2023 ()",hyena danger,297,121,473,385
"17:56 PM Wednesday, 08 November 2023 ()",hyena danger,290,129,465,399
"17:56 PM Wednesday, 08 November 2023 ()",hyena danger,271,132,454,391
"17:56 PM Wednesday, 08 November 2023 ()",hyena danger,268,140,443,386
"17:56 PM Wednesday, 08 November 2023 ()",hyena danger,264,132,437,390
"17:56 PM Wednesday, 08 November 2023 ()",hyena danger,264,137,431,389
"17:56 PM Wednesday, 08 November 2023 ()",hyena danger,262,136,432,389
"17:56 PM Wednesday, 08 November 2023 ()",hyena danger,264,136,431,390
"17:56 PM Wednesday, 08 November 2023 ()",hyena danger,268,140,446,390
"17:56 PM Wednesday, 08 November 2023 ()",hyena danger,369,100,564,396
"17:56 PM Wednesday, 08 November 2023 ()",hyena danger,410,94,604,409
"17:56 PM Wednesday, 08 November 2023 ()",hyena danger,422,115,622,404
"17:56 PM Wednesday, 08 November 2023 ()",hyena danger,435,117,624,404
"17:56 PM Wednesday, 08 November 2023 ()",hyena danger,440,112,623,412
"17:56 PM Wednesday, 08 November 2023 ()",hyena danger,424,119,624,403
"17:56 PM Wednesday, 08 November 2023 ()",hyena danger,406,99,608,406
"17:56 PM Wednesday, 08 November 2023 ()",hyena danger,365,124,578,399
"17:56 PM Wednesday, 08 November 2023 ()",hyena danger,313,124,519,400
"17:56 PM Wednesday, 08 November 2023 ()",hyena danger,308,123,488,404
"17:56 PM Wednesday, 08 November 2023 ()",hyena danger,283,129,468,399
"17:56 PM Wednesday, 08 November 2023 ()",hyena danger,274,129,457,400
"17:56 PM Wednesday, 08 November 2023 ()",hyena danger,268,131,457,400
"17:56 PM Wednesday, 08 November 2023 ()",hyena danger,270,132,453,397
"17:56 PM Wednesday, 08 November 2023 ()",hyena danger,276,131,458,401
"17:56 PM Wednesday, 08 November 2023 ()",hyena danger,279,122,469,402
"17:56 PM Wednesday, 08 November 2023 ()",hyena danger,298,128,475,400
"17:56 PM Wednesday, 08 November 2023 ()",hyena danger,312,129,502,398
"17:56 PM Wednesday, 08 November 2023 ()",hyena danger,331,118,533,403
"17:56 PM Wednesday, 08 November 2023 ()",hyena danger,362,112,560,408
"17:56 PM Wednesday, 08 November 2023 ()",hyena danger,382,117,566,403
"17:56 PM Wednesday, 08 November 2023 ()",hyena danger,380,113,569,408
"17:56 PM Wednesday, 08 November 2023 ()",hyena danger,363,112,559,409
"17:56 PM Wednesday, 08 November 2023 ()",hyena danger,333,118,536,403
"17:56 PM Wednesday, 08 November 2023 ()",hyena danger,298,126,513,402
"17:56 PM Wednesday, 08 November 2023 ()",hyena danger,292,125,481,405
"17:56 PM Wednesday, 08 November 2023 ()",hyena danger,269,136,460,405
"17:56 PM Wednesday, 08 November 2023 ()",hyena danger,265,139,458,404
"17:56 PM Wednesday, 08 November 2023 ()",hyena danger,263,139,459,403
"17:56 PM Wednesday, 08 November 2023 ()",hyena danger,272,136,458,412
"17:56 PM Wednesday, 08 November 2023 ()",hyena danger,282,117,475,411
"17:56 PM Wednesday, 08 November 2023 ()",hyena danger,301,120,518,404
"17:56 PM Wednesday, 08 November 2023 ()",hyena danger,382,103,580,398
"17:56 PM Wednesday, 08 November 2023 ()",hyena danger,408,124,619,404
"17:56 PM Wednesday, 08 November 2023 ()",hyena danger,425,112,627,413
"17:56 PM Wednesday, 08 November 2023 ()",hyena danger,427,115,629,409
"17:56 PM Wednesday, 08 November 2023 ()",hyena danger,415,95,618,408
"17:56 PM Wednesday, 08 November 2023 ()",hyena danger,396,102,600,404
"17:56 PM Wednesday, 08 November 2023 ()",hyena danger,365,118,569,404
"17:56 PM Wednesday, 08 November 2023 ()",hyena danger,356,106,546,397
"17:56 PM Wednesday, 08 November 2023 ()",hyena danger,333,105,538,395
"17:56 PM Wednesday, 08 November 2023 ()",hyena danger,323,104,515,391
"17:56 PM Wednesday, 08 November 2023 ()",hyena danger,316,112,510,385
"17:56 PM Wednesday, 08 November 2023 ()",hyena danger,318,111,502,389
"17:56 PM Wednesday, 08 November 2023 ()",hyena danger,314,115,499,390
"17:56 PM Wednesday, 08 November 2023 ()",hyena danger,312,117,499,389
"17:56 PM Wednesday, 08 November 2023 ()",hyena danger,311,112,498,398
"17:56 PM Wednesday, 08 November 2023 ()",hyena danger,315,124,500,397
"17:56 PM Wednesday, 08 November 2023 ()",hyena danger,316,123,495,396
"17:56 PM Wednesday, 08 November 2023 ()",hyena danger,309,110,495,400
"17:56 PM Wednesday, 08 November 2023 ()",hyena danger,312,125,491,394
"17:56 PM Wednesday, 08 November 2023 ()",hyena danger,310,121,494,400
"17:56 PM Wednesday, 08 November 2023 ()",hyena danger,311,125,493,397
"17:56 PM Wednesday, 08 November 2023 ()",hyena danger,307,123,492,397
"17:56 PM Wednesday, 08 November 2023 ()",hyena danger,308,120,489,400
"17:56 PM Wednesday, 08 November 2023 ()",hyena danger,308,126,490,393
"17:56 PM Wednesday, 08 November 2023 ()",hyena danger,304,128,488,396
"17:56 PM Wednesday, 08 November 2023 ()",hyena danger,310,125,485,397
"17:56 PM Wednesday, 08 November 2023 ()",hyena danger,308,121,486,399
"17:56 PM Wednesday, 08 November 2023 ()",hyena danger,308,115,486,394
"17:56 PM Wednesday, 08 November 2023 ()",hyena danger,313,116,492,394
"17:56 PM Wednesday, 08 November 2023 ()",hyena danger,320,127,496,394
"17:56 PM Wednesday, 08 November 2023 ()",hyena danger,312,124,502,382
"17:56 PM Wednesday, 08 November 2023 ()",hyena danger,317,118,507,387
"17:56 PM Wednesday, 08 November 2023 ()",hyena danger,315,121,510,384
"17:56 PM Wednesday, 08 November 2023 ()",hyena danger,314,120,511,388
"17:56 PM Wednesday, 08 November 2023 ()",hyena danger,324,115,513,390
"17:56 PM Wednesday, 08 November 2023 ()",hyena danger,326,112,511,392
"18:08 PM Wednesday, 08 November 2023 ()",hyena danger,272,135,452,352
"18:08 PM Wednesday, 08 November 2023 ()",hyena danger,266,132,446,349
"18:08 PM Wednesday, 08 November 2023 ()",hyena danger,261,129,447,360
"18:08 PM Wednesday, 08 November 2023 ()",hyena danger,268,129,439,358
"18:08 PM Wednesday, 08 November 2023 ()",hyena danger,268,116,444,383
"18:08 PM Wednesday, 08 November 2023 ()",hyena danger,274,126,461,370
"18:08 PM Wednesday, 08 November 2023 ()",hyena danger,272,129,456,369
"18:08 PM Wednesday, 08 November 2023 ()",hyena danger,271,128,454,370
"18:08 PM Wednesday, 08 November 2023 ()",hyena danger,274,126,457,370
"18:08 PM Wednesday, 08 November 2023 ()",hyena danger,274,126,458,370
"18:08 PM Wednesday, 08 November 2023 ()",hyena danger,277,126,464,372
"18:08 PM Wednesday, 08 November 2023 ()",hyena danger,279,129,467,374
"18:08 PM Wednesday, 08 November 2023 ()",hyena danger,285,111,466,399
"18:08 PM Wednesday, 08 November 2023 ()",hyena danger,293,114,479,420
"18:08 PM Wednesday, 08 November 2023 ()",hyena danger,300,117,492,422
"18:08 PM Wednesday, 08 November 2023 ()",hyena danger,294,116,499,420
"18:08 PM Wednesday, 08 November 2023 ()",hyena danger,288,127,484,415
"18:08 PM Wednesday, 08 November 2023 ()",hyena danger,266,127,453,440
"18:08 PM Wednesday, 08 November 2023 ()",hyena danger,263,143,439,431
"18:08 PM Wednesday, 08 November 2023 ()",hyena danger,231,147,406,434
"18:08 PM Wednesday, 08 November 2023 ()",hyena danger,244,143,430,420
"18:08 PM Wednesday, 08 November 2023 ()",hyena danger,272,142,459,422
"18:08 PM Wednesday, 08 November 2023 ()",hyena danger,294,140,506,427
"18:08 PM Wednesday, 08 November 2023 ()",hyena danger,308,123,530,418
"18:08 PM Wednesday, 08 November 2023 ()",hyena danger,334,116,540,422
"18:08 PM Wednesday, 08 November 2023 ()",hyena danger,318,131,532,421
"18:08 PM Wednesday, 08 November 2023 ()",hyena danger,267,143,450,432
"18:08 PM Wednesday, 08 November 2023 ()",hyena danger,233,137,416,437
"18:08 PM Wednesday, 08 November 2023 ()",hyena danger,214,137,407,445
"18:08 PM Wednesday, 08 November 2023 ()",hyena danger,216,137,404,444
"18:08 PM Wednesday, 08 November 2023 ()",hyena danger,283,120,459,421
"18:08 PM Wednesday, 08 November 2023 ()",hyena danger,302,108,492,401
"18:08 PM Wednesday, 08 November 2023 ()",hyena danger,303,115,495,394
"18:08 PM Wednesday, 08 November 2023 ()",hyena danger,302,114,491,391
"18:08 PM Wednesday, 08 November 2023 ()",hyena danger,293,107,482,388
"18:08 PM Wednesday, 08 November 2023 ()",hyena danger,291,111,480,379
"18:08 PM Wednesday, 08 November 2023 ()",hyena danger,292,111,480,381
"18:08 PM Wednesday, 08 November 2023 ()",hyena danger,292,103,481,389
"18:08 PM Wednesday, 08 November 2023 ()",hyena danger,292,110,481,387
"18:08 PM Wednesday, 08 November 2023 ()",hyena danger,291,112,482,382
"18:08 PM Wednesday, 08 November 2023 ()",hyena danger,293,111,482,382
"18:08 PM Wednesday, 08 November 2023 ()",hyena danger,291,108,482,385
"18:08 PM Wednesday, 08 November 2023 ()",hyena danger,293,111,481,387
"18:11 PM Wednesday, 08 November 2023 ()",hyena danger,307,126,492,375
"18:12 PM Wednesday, 08 November 2023 ()",hyena danger,241,159,402,409
"18:12 PM Wednesday, 08 November 2023 ()",hyena danger,241,160,400,397
"18:12 PM Wednesday, 08 November 2023 ()",hyena danger,245,158,405,397
"18:12 PM Wednesday, 08 November 2023 ()",hyena danger,252,142,403,397
"18:12 PM Wednesday, 08 November 2023 ()",hyena danger,244,150,406,383
"18:12 PM Wednesday, 08 November 2023 ()",hyena danger,235,152,404,378
"18:12 PM Wednesday, 08 November 2023 ()",hyena danger,238,151,403,383
"18:12 PM Wednesday, 08 November 2023 ()",hyena danger,252,147,414,379
"18:12 PM Wednesday, 08 November 2023 ()",hyena danger,257,143,434,367
"18:12 PM Wednesday, 08 November 2023 ()",hyena danger,261,134,438,374
"18:12 PM Wednesday, 08 November 2023 ()",hyena danger,261,132,453,376
"18:12 PM Wednesday, 08 November 2023 ()",hyena danger,265,136,458,373
"18:12 PM Wednesday, 08 November 2023 ()",hyena danger,278,122,461,406
"18:12 PM Wednesday, 08 November 2023 ()",hyena danger,290,114,472,417
"18:12 PM Wednesday, 08 November 2023 ()",hyena danger,315,130,491,421
"18:12 PM Wednesday, 08 November 2023 ()",hyena danger,321,121,487,441
"18:12 PM Wednesday, 08 November 2023 ()",hyena danger,324,132,489,447
"18:12 PM Wednesday, 08 November 2023 ()",hyena danger,325,134,505,452
"18:12 PM Wednesday, 08 November 2023 ()",hyena danger,321,131,512,454
"18:13 PM Wednesday, 08 November 2023 ()",hyena danger,333,142,523,440
"18:13 PM Wednesday, 08 November 2023 ()",hyena danger,333,143,523,438
"18:13 PM Wednesday, 08 November 2023 ()",hyena danger,331,138,525,444
"18:13 PM Wednesday, 08 November 2023 ()",hyena danger,329,131,516,446
"18:13 PM Wednesday, 08 November 2023 ()",hyena danger,316,130,512,444
"18:13 PM Wednesday, 08 November 2023 ()",hyena danger,313,134,509,441
"18:13 PM Wednesday, 08 November 2023 ()",hyena danger,303,129,495,446
"18:13 PM Wednesday, 08 November 2023 ()",hyena danger,265,135,469,439
"18:13 PM Wednesday, 08 November 2023 ()",hyena danger,272,145,450,435
"18:13 PM Wednesday, 08 November 2023 ()",hyena danger,274,145,439,437
"18:13 PM Wednesday, 08 November 2023 ()",hyena danger,274,159,437,416
"18:13 PM Wednesday, 08 November 2023 ()",hyena danger,291,142,473,420
"18:13 PM Wednesday, 08 November 2023 ()",hyena danger,259,124,452,421
"18:13 PM Wednesday, 08 November 2023 ()",hyena danger,249,118,429,415
"18:13 PM Wednesday, 08 November 2023 ()",hyena danger,245,123,423,414
"18:13 PM Wednesday, 08 November 2023 ()",hyena danger,241,130,423,407
"18:13 PM Wednesday, 08 November 2023 ()",hyena danger,242,127,427,404
"18:13 PM Wednesday, 08 November 2023 ()",hyena danger,238,121,428,411
"18:13 PM Wednesday, 08 November 2023 ()",hyena danger,242,124,429,407
"18:13 PM Wednesday, 08 November 2023 ()",hyena danger,241,122,431,407
"18:13 PM Wednesday, 08 November 2023 ()",hyena danger,242,128,429,404
"18:13 PM Wednesday, 08 November 2023 ()",hyena danger,246,125,425,409
"18:13 PM Wednesday, 08 November 2023 ()",hyena danger,244,119,427,408
"18:13 PM Wednesday, 08 November 2023 ()",hyena danger,245,128,429,403
"18:13 PM Wednesday, 08 November 2023 ()",hyena danger,247,127,427,408
"18:13 PM Wednesday, 08 November 2023 ()",hyena danger,247,131,431,403
"18:13 PM Wednesday, 08 November 2023 ()",hyena danger,249,125,429,410
"18:13 PM Wednesday, 08 November 2023 ()",hyena danger,247,126,432,409
"18:13 PM Wednesday, 08 November 2023 ()",hyena danger,249,125,434,408
"18:13 PM Wednesday, 08 November 2023 ()",hyena danger,252,135,427,409
"18:13 PM Wednesday, 08 November 2023 ()",hyena danger,249,141,427,409
"18:13 PM Wednesday, 08 November 2023 ()",hyena danger,262,143,421,411
"18:13 PM Wednesday, 08 November 2023 ()",hyena danger,259,152,433,397
"18:13 PM Wednesday, 08 November 2023 ()",hyena danger,256,135,441,400
"18:13 PM Wednesday, 08 November 2023 ()",hyena danger,261,138,439,398
"18:13 PM Wednesday, 08 November 2023 ()",hyena danger,258,131,441,401
"18:13 PM Wednesday, 08 November 2023 ()",hyena danger,262,138,432,396
"18:13 PM Wednesday, 08 November 2023 ()",hyena danger,258,125,441,404
"18:13 PM Wednesday, 08 November 2023 ()",hyena danger,290,112,461,427
"18:13 PM Wednesday, 08 November 2023 ()",hyena danger,292,122,486,429
"18:13 PM Wednesday, 08 November 2023 ()",hyena danger,305,135,504,423
"18:13 PM Wednesday, 08 November 2023 ()",hyena danger,316,125,517,401
"18:13 PM Wednesday, 08 November 2023 ()",hyena danger,332,121,531,410
"18:13 PM Wednesday, 08 November 2023 ()",hyena danger,374,97,555,408
"18:13 PM Wednesday, 08 November 2023 ()",hyena danger,369,96,544,397
"18:13 PM Wednesday, 08 November 2023 ()",hyena danger,362,112,546,382
"18:13 PM Wednesday, 08 November 2023 ()",hyena danger,351,117,541,383
"18:13 PM Wednesday, 08 November 2023 ()",hyena danger,348,116,530,384
"18:13 PM Wednesday, 08 November 2023 ()",hyena danger,349,119,530,377
"18:13 PM Wednesday, 08 November 2023 ()",hyena danger,345,121,525,373
"18:13 PM Wednesday, 08 November 2023 ()",hyena danger,344,120,525,371
"18:13 PM Wednesday, 08 November 2023 ()",hyena danger,341,116,525,376
"18:13 PM Wednesday, 08 November 2023 ()",hyena danger,342,128,521,367
"18:13 PM Wednesday, 08 November 2023 ()",hyena danger,339,125,519,361
"18:13 PM Wednesday, 08 November 2023 ()",hyena danger,339,124,517,362
"18:13 PM Wednesday, 08 November 2023 ()",hyena danger,339,122,517,366
"18:15 PM Wednesday, 08 November 2023 ()",hyena danger,230,133,402,394
"18:15 PM Wednesday, 08 November 2023 ()",hyena danger,230,134,401,390
"18:15 PM Wednesday, 08 November 2023 ()",hyena danger,229,137,404,387
"18:15 PM Wednesday, 08 November 2023 ()",hyena danger,227,134,405,386
"18:15 PM Wednesday, 08 November 2023 ()",hyena danger,235,133,411,389
"18:15 PM Wednesday, 08 November 2023 ()",hyena danger,257,132,427,390
"18:15 PM Wednesday, 08 November 2023 ()",hyena danger,274,134,444,390
"18:15 PM Wednesday, 08 November 2023 ()",hyena danger,274,132,465,374
"18:15 PM Wednesday, 08 November 2023 ()",hyena danger,293,127,472,381
"18:15 PM Wednesday, 08 November 2023 ()",hyena danger,299,129,474,379
"18:15 PM Wednesday, 08 November 2023 ()",hyena danger,306,118,474,402
"18:15 PM Wednesday, 08 November 2023 ()",hyena danger,310,112,483,407
"18:15 PM Wednesday, 08 November 2023 ()",hyena danger,317,119,492,390
"18:15 PM Wednesday, 08 November 2023 ()",hyena danger,330,104,499,418
"18:15 PM Wednesday, 08 November 2023 ()",hyena danger,314,118,499,414
"18:15 PM Wednesday, 08 November 2023 ()",hyena danger,310,131,502,420
"18:15 PM Wednesday, 08 November 2023 ()",hyena danger,304,130,500,443
"18:15 PM Wednesday, 08 November 2023 ()",hyena danger,304,128,499,435
"18:15 PM Wednesday, 08 November 2023 ()",hyena danger,305,128,494,434
"18:15 PM Wednesday, 08 November 2023 ()",hyena danger,307,133,489,430
"18:15 PM Wednesday, 08 November 2023 ()",hyena danger,245,142,402,442
"18:15 PM Wednesday, 08 November 2023 ()",hyena danger,245,144,419,432
"18:15 PM Wednesday, 08 November 2023 ()",hyena danger,275,149,452,423
"18:15 PM Wednesday, 08 November 2023 ()",hyena danger,290,138,472,420
"18:15 PM Wednesday, 08 November 2023 ()",hyena danger,317,127,525,421
"18:15 PM Wednesday, 08 November 2023 ()",hyena danger,356,123,562,422
"18:15 PM Wednesday, 08 November 2023 ()",hyena danger,401,117,605,431
"18:15 PM Wednesday, 08 November 2023 ()",hyena danger,422,118,619,409
"18:15 PM Wednesday, 08 November 2023 ()",hyena danger,413,108,612,425
"18:15 PM Wednesday, 08 November 2023 ()",hyena danger,234,138,401,429
"18:15 PM Wednesday, 08 November 2023 ()",hyena danger,218,142,403,437
"18:15 PM Wednesday, 08 November 2023 ()",hyena danger,236,145,405,424
"18:15 PM Wednesday, 08 November 2023 ()",hyena danger,227,154,397,402
"18:15 PM Wednesday, 08 November 2023 ()",hyena danger,191,133,365,445
"18:15 PM Wednesday, 08 November 2023 ()",hyena danger,181,137,361,443
"18:15 PM Wednesday, 08 November 2023 ()",hyena danger,197,143,369,436
"18:15 PM Wednesday, 08 November 2023 ()",hyena danger,205,137,379,433
"18:15 PM Wednesday, 08 November 2023 ()",hyena danger,207,150,394,422
"18:15 PM Wednesday, 08 November 2023 ()",hyena danger,206,138,395,427
"18:15 PM Wednesday, 08 November 2023 ()",hyena danger,205,136,398,420
"18:15 PM Wednesday, 08 November 2023 ()",hyena danger,208,142,401,418
"18:15 PM Wednesday, 08 November 2023 ()",hyena danger,209,144,400,425
"18:15 PM Wednesday, 08 November 2023 ()",hyena danger,205,143,402,424
"18:15 PM Wednesday, 08 November 2023 ()",hyena danger,204,144,400,424
"18:15 PM Wednesday, 08 November 2023 ()",hyena danger,202,141,401,427
"18:15 PM Wednesday, 08 November 2023 ()",hyena danger,205,148,395,426
"18:15 PM Wednesday, 08 November 2023 ()",hyena danger,201,145,396,427
"18:15 PM Wednesday, 08 November 2023 ()",hyena danger,205,148,398,424
"18:15 PM Wednesday, 08 November 2023 ()",hyena danger,202,151,398,427
"18:15 PM Wednesday, 08 November 2023 ()",hyena danger,199,145,403,420
"18:15 PM Wednesday, 08 November 2023 ()",hyena danger,204,149,402,425
"18:15 PM Wednesday, 08 November 2023 ()",hyena danger,205,149,396,421
"18:15 PM Wednesday, 08 November 2023 ()",hyena danger,205,146,396,423
"18:15 PM Wednesday, 08 November 2023 ()",hyena danger,204,146,398,423
"18:15 PM Wednesday, 08 November 2023 ()",hyena danger,199,146,403,429
"18:15 PM Wednesday, 08 November 2023 ()",hyena danger,219,120,410,440
"18:15 PM Wednesday, 08 November 2023 ()",hyena danger,234,132,420,436
"18:15 PM Wednesday, 08 November 2023 ()",hyena danger,245,139,456,438
"18:15 PM Wednesday, 08 November 2023 ()",hyena danger,265,129,466,438
"18:15 PM Wednesday, 08 November 2023 ()",hyena danger,298,131,505,443
"18:15 PM Wednesday, 08 November 2023 ()",hyena danger,310,112,511,463
"18:15 PM Wednesday, 08 November 2023 ()",hyena danger,318,125,528,454
"18:15 PM Wednesday, 08 November 2023 ()",hyena danger,328,129,536,449
"18:15 PM Wednesday, 08 November 2023 ()",hyena danger,315,128,549,449
"18:15 PM Wednesday, 08 November 2023 ()",hyena danger,337,129,540,450
"18:15 PM Wednesday, 08 November 2023 ()",hyena danger,332,119,536,455
"18:15 PM Wednesday, 08 November 2023 ()",hyena danger,326,123,531,458
"18:15 PM Wednesday, 08 November 2023 ()",hyena danger,328,123,550,475
"18:15 PM Wednesday, 08 November 2023 ()",hyena danger,339,135,576,470
"18:15 PM Wednesday, 08 November 2023 ()",hyena danger,346,140,587,467
"18:15 PM Wednesday, 08 November 2023 ()",hyena danger,365,146,600,463
"18:15 PM Wednesday, 08 November 2023 ()",hyena danger,360,121,613,479
"18:15 PM Wednesday, 08 November 2023 ()",hyena danger,367,150,600,456
"18:15 PM Wednesday, 08 November 2023 ()",hyena danger,366,142,590,459
"18:15 PM Wednesday, 08 November 2023 ()",hyena danger,352,114,569,459
"18:15 PM Wednesday, 08 November 2023 ()",hyena danger,350,108,571,453
"18:15 PM Wednesday, 08 November 2023 ()",hyena danger,340,112,538,451
"18:15 PM Wednesday, 08 November 2023 ()",hyena danger,342,117,516,438
"18:15 PM Wednesday, 08 November 2023 ()",hyena danger,329,127,513,449
"18:15 PM Wednesday, 08 November 2023 ()",hyena danger,305,130,500,449
"18:15 PM Wednesday, 08 November 2023 ()",hyena danger,311,126,494,440
"18:15 PM Wednesday, 08 November 2023 ()",hyena danger,324,119,486,429
"18:15 PM Wednesday, 08 November 2023 ()",hyena danger,322,126,502,406
"18:15 PM Wednesday, 08 November 2023 ()",hyena danger,319,124,514,376
"18:15 PM Wednesday, 08 November 2023 ()",hyena danger,330,118,527,371
"18:15 PM Wednesday, 08 November 2023 ()",hyena danger,351,117,529,360
"18:15 PM Wednesday, 08 November 2023 ()",hyena danger,362,127,534,362
"18:15 PM Wednesday, 08 November 2023 ()",hyena danger,363,128,542,362
"18:15 PM Wednesday, 08 November 2023 ()",hyena danger,363,128,537,359
"18:15 PM Wednesday, 08 November 2023 ()",hyena danger,360,128,533,364
"18:15 PM Wednesday, 08 November 2023 ()",hyena danger,354,129,533,362
"18:15 PM Wednesday, 08 November 2023 ()",hyena danger,354,127,521,369
"18:15 PM Wednesday, 08 November 2023 ()",hyena danger,351,126,523,377
"18:15 PM Wednesday, 08 November 2023 ()",hyena danger,338,118,521,383
"18:15 PM Wednesday, 08 November 2023 ()",hyena danger,310,127,510,375
"18:15 PM Wednesday, 08 November 2023 ()",hyena danger,307,123,498,399
"18:15 PM Wednesday, 08 November 2023 ()",hyena danger,297,116,478,413
"18:15 PM Wednesday, 08 November 2023 ()",hyena danger,268,130,474,396
"18:15 PM Wednesday, 08 November 2023 ()",hyena danger,265,117,456,408
"18:15 PM Wednesday, 08 November 2023 ()",hyena danger,273,127,469,399
"18:15 PM Wednesday, 08 November 2023 ()",hyena danger,297,122,480,405
"18:15 PM Wednesday, 08 November 2023 ()",hyena danger,306,128,512,377
"18:15 PM Wednesday, 08 November 2023 ()",hyena danger,342,114,529,384
"18:15 PM Wednesday, 08 November 2023 ()",hyena danger,362,124,557,376
"18:15 PM Wednesday, 08 November 2023 ()",hyena danger,405,122,589,381
"18:15 PM Wednesday, 08 November 2023 ()",hyena danger,429,108,612,389
"18:15 PM Wednesday, 08 November 2023 ()",hyena danger,451,102,620,394
"18:15 PM Wednesday, 08 November 2023 ()",hyena danger,429,107,613,393
"18:15 PM Wednesday, 08 November 2023 ()",hyena danger,299,150,507,390
"18:15 PM Wednesday, 08 November 2023 ()",hyena danger,223,134,400,415
"18:15 PM Wednesday, 08 November 2023 ()",hyena danger,213,141,399,415
"18:15 PM Wednesday, 08 November 2023 ()",hyena danger,301,145,509,392
"18:15 PM Wednesday, 08 November 2023 ()",hyena danger,327,113,548,378
"18:15 PM Wednesday, 08 November 2023 ()",hyena danger,415,117,626,404
"18:15 PM Wednesday, 08 November 2023 ()",hyena danger,442,113,630,412
"18:15 PM Wednesday, 08 November 2023 ()",hyena danger,443,100,632,427
"18:15 PM Wednesday, 08 November 2023 ()",hyena danger,421,124,624,404
"18:15 PM Wednesday, 08 November 2023 ()",hyena danger,327,106,540,398
"18:15 PM Wednesday, 08 November 2023 ()",hyena danger,215,176,394,434
"18:15 PM Wednesday, 08 November 2023 ()",hyena danger,195,144,385,440
"18:15 PM Wednesday, 08 November 2023 ()",hyena danger,198,147,384,436
"18:15 PM Wednesday, 08 November 2023 ()",hyena danger,288,141,508,403
"18:15 PM Wednesday, 08 November 2023 ()",hyena danger,330,100,547,399
"18:15 PM Wednesday, 08 November 2023 ()",hyena danger,385,121,584,410
"18:15 PM Wednesday, 08 November 2023 ()",hyena danger,403,114,612,414
"18:15 PM Wednesday, 08 November 2023 ()",hyena danger,391,126,613,410
"18:15 PM Wednesday, 08 November 2023 ()",hyena danger,339,125,570,409
"18:15 PM Wednesday, 08 November 2023 ()",hyena danger,224,145,391,435
"18:15 PM Wednesday, 08 November 2023 ()",hyena danger,205,138,394,444
"18:15 PM Wednesday, 08 November 2023 ()",hyena danger,226,153,402,428
"18:15 PM Wednesday, 08 November 2023 ()",hyena danger,238,132,431,424
"18:15 PM Wednesday, 08 November 2023 ()",hyena danger,301,131,541,405
"18:15 PM Wednesday, 08 November 2023 ()",hyena danger,350,121,583,407
"18:15 PM Wednesday, 08 November 2023 ()",hyena danger,397,128,617,405
"18:15 PM Wednesday, 08 November 2023 ()",hyena danger,416,100,622,427
"18:15 PM Wednesday, 08 November 2023 ()",hyena danger,394,128,619,406
"18:15 PM Wednesday, 08 November 2023 ()",hyena danger,354,128,586,401
"18:15 PM Wednesday, 08 November 2023 ()",hyena danger,308,124,543,407
"18:15 PM Wednesday, 08 November 2023 ()",hyena danger,226,143,402,434
"18:15 PM Wednesday, 08 November 2023 ()",hyena danger,204,148,400,435
"18:15 PM Wednesday, 08 November 2023 ()",hyena danger,220,153,406,429
"18:15 PM Wednesday, 08 November 2023 ()",hyena danger,324,108,556,390
"18:15 PM Wednesday, 08 November 2023 ()",hyena danger,392,129,609,408
"18:15 PM Wednesday, 08 November 2023 ()",hyena danger,410,111,626,417
"18:15 PM Wednesday, 08 November 2023 ()",hyena danger,404,120,627,411
"18:15 PM Wednesday, 08 November 2023 ()",hyena danger,375,121,590,411
"18:15 PM Wednesday, 08 November 2023 ()",hyena danger,314,116,555,413
"18:15 PM Wednesday, 08 November 2023 ()",hyena danger,289,131,517,418
"18:15 PM Wednesday, 08 November 2023 ()",hyena danger,279,144,463,413
"18:15 PM Wednesday, 08 November 2023 ()",hyena danger,262,140,453,422
"18:15 PM Wednesday, 08 November 2023 ()",hyena danger,250,125,457,431
"18:15 PM Wednesday, 08 November 2023 ()",hyena danger,258,131,460,420
"18:15 PM Wednesday, 08 November 2023 ()",hyena danger,259,130,460,426
"18:15 PM Wednesday, 08 November 2023 ()",hyena danger,255,129,466,425
"18:15 PM Wednesday, 08 November 2023 ()",hyena danger,255,129,464,424
"18:15 PM Wednesday, 08 November 2023 ()",hyena danger,259,128,467,432
"18:15 PM Wednesday, 08 November 2023 ()",hyena danger,262,130,466,422
"18:15 PM Wednesday, 08 November 2023 ()",hyena danger,262,131,469,423
"18:15 PM Wednesday, 08 November 2023 ()",hyena danger,264,127,465,424
"18:15 PM Wednesday, 08 November 2023 ()",hyena danger,265,134,468,424
"18:15 PM Wednesday, 08 November 2023 ()",hyena danger,261,131,467,425
"18:15 PM Wednesday, 08 November 2023 ()",hyena danger,264,130,469,420
"18:15 PM Wednesday, 08 November 2023 ()",hyena danger,262,132,467,419
"18:15 PM Wednesday, 08 November 2023 ()",hyena danger,274,138,468,414
"18:15 PM Wednesday, 08 November 2023 ()",hyena danger,418,94,624,388
"18:15 PM Wednesday, 08 November 2023 ()",hyena danger,182,125,360,439
"18:15 PM Wednesday, 08 November 2023 ()",hyena danger,192,132,372,440
"18:15 PM Wednesday, 08 November 2023 ()",hyena danger,200,124,397,432
"18:15 PM Wednesday, 08 November 2023 ()",hyena danger,219,122,403,419
"18:15 PM Wednesday, 08 November 2023 ()",hyena danger,225,133,409,405
"18:15 PM Wednesday, 08 November 2023 ()",hyena danger,226,132,412,401
"18:15 PM Wednesday, 08 November 2023 ()",hyena danger,222,127,410,405
"18:15 PM Wednesday, 08 November 2023 ()",hyena danger,216,134,406,408
"18:15 PM Wednesday, 08 November 2023 ()",hyena danger,215,136,404,409
"18:15 PM Wednesday, 08 November 2023 ()",hyena danger,213,135,410,404
"18:15 PM Wednesday, 08 November 2023 ()",hyena danger,221,132,414,405
"18:15 PM Wednesday, 08 November 2023 ()",hyena danger,233,129,421,406
"18:15 PM Wednesday, 08 November 2023 ()",hyena danger,237,118,437,425
"18:15 PM Wednesday, 08 November 2023 ()",hyena danger,307,123,519,407
"18:15 PM Wednesday, 08 November 2023 ()",hyena danger,349,106,549,422
"18:15 PM Wednesday, 08 November 2023 ()",hyena danger,363,102,553,422
"18:15 PM Wednesday, 08 November 2023 ()",hyena danger,369,125,552,422
"18:15 PM Wednesday, 08 November 2023 ()",hyena danger,362,131,558,422
"18:15 PM Wednesday, 08 November 2023 ()",hyena danger,369,132,560,412
"18:15 PM Wednesday, 08 November 2023 ()",hyena danger,355,112,551,417
"18:15 PM Wednesday, 08 November 2023 ()",hyena danger,361,120,553,407
"18:15 PM Wednesday, 08 November 2023 ()",hyena danger,374,104,556,419
"18:15 PM Wednesday, 08 November 2023 ()",hyena danger,373,105,559,405
"18:15 PM Wednesday, 08 November 2023 ()",hyena danger,372,106,553,392
"18:15 PM Wednesday, 08 November 2023 ()",hyena danger,363,103,553,390
"18:15 PM Wednesday, 08 November 2023 ()",hyena danger,350,109,542,380
"18:15 PM Wednesday, 08 November 2023 ()",hyena danger,342,109,528,387
"18:15 PM Wednesday, 08 November 2023 ()",hyena danger,329,120,523,371
"18:15 PM Wednesday, 08 November 2023 ()",hyena danger,323,119,518,367
"18:15 PM Wednesday, 08 November 2023 ()",hyena danger,315,110,508,372
"18:15 PM Wednesday, 08 November 2023 ()",hyena danger,314,116,502,365
"18:15 PM Wednesday, 08 November 2023 ()",hyena danger,311,109,496,375
"18:15 PM Wednesday, 08 November 2023 ()",hyena danger,309,110,492,383
"18:15 PM Wednesday, 08 November 2023 ()",hyena danger,310,113,497,380
"18:15 PM Wednesday, 08 November 2023 ()",hyena danger,314,118,500,375
"18:15 PM Wednesday, 08 November 2023 ()",hyena danger,319,123,507,381
"18:15 PM Wednesday, 08 November 2023 ()",hyena danger,320,119,513,386
"18:15 PM Wednesday, 08 November 2023 ()",hyena danger,329,116,517,386
"18:15 PM Wednesday, 08 November 2023 ()",hyena danger,330,116,517,386
"18:15 PM Wednesday, 08 November 2023 ()",hyena danger,328,115,515,389
"18:15 PM Wednesday, 08 November 2023 ()",hyena danger,334,114,517,391
"18:15 PM Wednesday, 08 November 2023 ()",hyena danger,339,117,515,403
"18:15 PM Wednesday, 08 November 2023 ()",hyena danger,329,113,516,390
"18:15 PM Wednesday, 08 November 2023 ()",hyena danger,331,117,516,392
"18:15 PM Wednesday, 08 November 2023 ()",hyena danger,329,120,516,385
"18:15 PM Wednesday, 08 November 2023 ()",hyena danger,333,116,516,390
"18:15 PM Wednesday, 08 November 2023 ()",hyena danger,326,115,517,384
"18:15 PM Wednesday, 08 November 2023 ()",hyena danger,325,119,517,388
"18:15 PM Wednesday, 08 November 2023 ()",hyena danger,323,118,515,391
"18:15 PM Wednesday, 08 November 2023 ()",hyena danger,323,117,514,393
"18:15 PM Wednesday, 08 November 2023 ()",hyena danger,321,119,517,386
"18:15 PM Wednesday, 08 November 2023 ()",hyena danger,324,122,514,386
"18:15 PM Wednesday, 08 November 2023 ()",hyena danger,321,118,511,389
"18:15 PM Wednesday, 08 November 2023 ()",hyena danger,318,114,514,396
"18:15 PM Wednesday, 08 November 2023 ()",hyena danger,321,117,513,393
"18:15 PM Wednesday, 08 November 2023 ()",hyena danger,319,118,511,392
"18:15 PM Wednesday, 08 November 2023 ()",hyena danger,313,119,512,391
"18:15 PM Wednesday, 08 November 2023 ()",hyena danger,321,120,511,391
"18:15 PM Wednesday, 08 November 2023 ()",hyena danger,320,120,510,390
"18:15 PM Wednesday, 08 November 2023 ()",hyena danger,312,123,507,387
"18:15 PM Wednesday, 08 November 2023 ()",hyena danger,310,128,507,384
"18:15 PM Wednesday, 08 November 2023 ()",hyena danger,323,124,503,396
"18:15 PM Wednesday, 08 November 2023 ()",hyena danger,315,119,507,388
"18:15 PM Wednesday, 08 November 2023 ()",hyena danger,311,126,506,384
"18:15 PM Wednesday, 08 November 2023 ()",hyena danger,321,124,503,396
"18:15 PM Wednesday, 08 November 2023 ()",hyena danger,316,119,513,387
"18:15 PM Wednesday, 08 November 2023 ()",hyena danger,313,116,509,391
"18:15 PM Wednesday, 08 November 2023 ()",hyena danger,311,118,509,392
"18:15 PM Wednesday, 08 November 2023 ()",hyena danger,317,120,512,387
"18:15 PM Wednesday, 08 November 2023 ()",hyena danger,319,117,515,385
"18:15 PM Wednesday, 08 November 2023 ()",hyena danger,316,118,511,387
"18:15 PM Wednesday, 08 November 2023 ()",hyena danger,320,112,510,396
"18:15 PM Wednesday, 08 November 2023 ()",hyena danger,323,114,509,394
"18:15 PM Wednesday, 08 November 2023 ()",hyena danger,325,116,515,391
"18:15 PM Wednesday, 08 November 2023 ()",hyena danger,318,123,517,376
"18:15 PM Wednesday, 08 November 2023 ()",hyena danger,319,118,514,386
"18:15 PM Wednesday, 08 November 2023 ()",hyena danger,327,124,515,374
"18:15 PM Wednesday, 08 November 2023 ()",hyena danger,324,116,514,372
"18:15 PM Wednesday, 08 November 2023 ()",hyena danger,326,112,514,380
"18:15 PM Wednesday, 08 November 2023 ()",hyena danger,332,113,517,392
"18:15 PM Wednesday, 08 November 2023 ()",hyena danger,332,117,519,390
"18:15 PM Wednesday, 08 November 2023 ()",hyena danger,332,112,516,393
"18:15 PM Wednesday, 08 November 2023 ()",hyena danger,332,118,517,390
"18:15 PM Wednesday, 08 November 2023 ()",hyena danger,331,118,518,391
"18:15 PM Wednesday, 08 November 2023 ()",hyena danger,326,117,518,392
"18:15 PM Wednesday, 08 November 2023 ()",hyena danger,326,123,510,397
"18:15 PM Wednesday, 08 November 2023 ()",hyena danger,328,118,510,402
"18:15 PM Wednesday, 08 November 2023 ()",hyena danger,330,118,512,401
"18:15 PM Wednesday, 08 November 2023 ()",hyena danger,330,121,511,399
"18:15 PM Wednesday, 08 November 2023 ()",hyena danger,320,119,513,390
"18:15 PM Wednesday, 08 November 2023 ()",hyena danger,323,122,513,389
"18:15 PM Wednesday, 08 November 2023 ()",hyena danger,327,123,512,398
"18:15 PM Wednesday, 08 November 2023 ()",hyena danger,321,120,514,387
"18:15 PM Wednesday, 08 November 2023 ()",hyena danger,319,119,515,390
"18:15 PM Wednesday, 08 November 2023 ()",hyena danger,319,123,509,389
"18:15 PM Wednesday, 08 November 2023 ()",hyena danger,326,123,509,396
"18:15 PM Wednesday, 08 November 2023 ()",hyena danger,325,119,515,389
"18:15 PM Wednesday, 08 November 2023 ()",hyena danger,319,123,512,383
"18:15 PM Wednesday, 08 November 2023 ()",hyena danger,321,118,510,391
"18:15 PM Wednesday, 08 November 2023 ()",hyena danger,327,119,521,387
"18:15 PM Wednesday, 08 November 2023 ()",hyena danger,320,123,520,385
"18:15 PM Wednesday, 08 November 2023 ()",hyena danger,321,123,511,399
"18:15 PM Wednesday, 08 November 2023 ()",hyena danger,322,125,505,396
"18:15 PM Wednesday, 08 November 2023 ()",hyena danger,315,120,507,389
"18:15 PM Wednesday, 08 November 2023 ()",hyena danger,316,128,491,392
"18:15 PM Wednesday, 08 November 2023 ()",hyena danger,313,117,491,390
"18:15 PM Wednesday, 08 November 2023 ()",hyena danger,311,120,486,381
"18:15 PM Wednesday, 08 November 2023 ()",hyena danger,309,121,483,402
"18:15 PM Wednesday, 08 November 2023 ()",hyena danger,312,121,482,403
"18:15 PM Wednesday, 08 November 2023 ()",hyena danger,314,128,486,398
"18:18 PM Wednesday, 08 November 2023 ()",hyena danger,255,126,424,364
"18:18 PM Wednesday, 08 November 2023 ()",hyena danger,262,124,431,361
"18:18 PM Wednesday, 08 November 2023 ()",hyena danger,266,127,440,361
"18:18 PM Wednesday, 08 November 2023 ()",hyena danger,267,125,435,365
"18:18 PM Wednesday, 08 November 2023 ()",hyena danger,264,123,439,361
"18:18 PM Wednesday, 08 November 2023 ()",hyena danger,271,119,441,360
"18:18 PM Wednesday, 08 November 2023 ()",hyena danger,271,124,439,363
"18:18 PM Wednesday, 08 November 2023 ()",hyena danger,266,120,449,363
"18:18 PM Wednesday, 08 November 2023 ()",hyena danger,270,118,451,364
"18:18 PM Wednesday, 08 November 2023 ()",hyena danger,275,119,453,366
"18:18 PM Wednesday, 08 November 2023 ()",hyena danger,282,115,468,367
"18:18 PM Wednesday, 08 November 2023 ()",hyena danger,298,101,479,372
"18:18 PM Wednesday, 08 November 2023 ()",hyena danger,321,83,493,395
"18:18 PM Wednesday, 08 November 2023 ()",hyena danger,334,104,521,390
"18:18 PM Wednesday, 08 November 2023 ()",hyena danger,347,101,529,399
"18:18 PM Wednesday, 08 November 2023 ()",hyena danger,344,99,533,397
"18:18 PM Wednesday, 08 November 2023 ()",hyena danger,344,99,535,397
"18:18 PM Wednesday, 08 November 2023 ()",hyena danger,341,103,526,393
"18:18 PM Wednesday, 08 November 2023 ()",hyena danger,319,104,498,393
"18:18 PM Wednesday, 08 November 2023 ()",hyena danger,309,118,488,403
"18:18 PM Wednesday, 08 November 2023 ()",hyena danger,299,118,470,406
"18:18 PM Wednesday, 08 November 2023 ()",hyena danger,280,122,459,414
"18:18 PM Wednesday, 08 November 2023 ()",hyena danger,264,135,446,435
"18:18 PM Wednesday, 08 November 2023 ()",hyena danger,253,146,441,435
"18:18 PM Wednesday, 08 November 2023 ()",hyena danger,244,140,424,443
"18:18 PM Wednesday, 08 November 2023 ()",hyena danger,229,138,426,448
"18:18 PM Wednesday, 08 November 2023 ()",hyena danger,231,136,427,450
"18:18 PM Wednesday, 08 November 2023 ()",hyena danger,247,142,429,438
"18:18 PM Wednesday, 08 November 2023 ()",hyena danger,267,133,459,435
"18:18 PM Wednesday, 08 November 2023 ()",hyena danger,304,135,509,433
"18:18 PM Wednesday, 08 November 2023 ()",hyena danger,347,108,565,442
"18:18 PM Wednesday, 08 November 2023 ()",hyena danger,440,78,636,496
"18:18 PM Wednesday, 08 November 2023 ()",hyena danger,256,135,418,372
"18:18 PM Wednesday, 08 November 2023 ()",hyena danger,256,135,420,366
"18:18 PM Wednesday, 08 November 2023 ()",hyena danger,256,135,426,370
"18:18 PM Wednesday, 08 November 2023 ()",hyena danger,263,135,433,373
"18:18 PM Wednesday, 08 November 2023 ()",hyena danger,262,132,444,367
"18:18 PM Wednesday, 08 November 2023 ()",hyena danger,278,128,453,370
"18:18 PM Wednesday, 08 November 2023 ()",hyena danger,282,124,464,369
"18:18 PM Wednesday, 08 November 2023 ()",hyena danger,283,125,464,374
"18:18 PM Wednesday, 08 November 2023 ()",hyena danger,278,126,459,371
"18:18 PM Wednesday, 08 November 2023 ()",hyena danger,273,129,459,366
"18:18 PM Wednesday, 08 November 2023 ()",hyena danger,273,134,465,372
"18:18 PM Wednesday, 08 November 2023 ()",hyena danger,293,121,470,381
"18:18 PM Wednesday, 08 November 2023 ()",hyena danger,308,112,495,392
"18:18 PM Wednesday, 08 November 2023 ()",hyena danger,320,112,502,391
"18:18 PM Wednesday, 08 November 2023 ()",hyena danger,318,114,508,389
"18:18 PM Wednesday, 08 November 2023 ()",hyena danger,296,132,478,398
"18:18 PM Wednesday, 08 November 2023 ()",hyena danger,278,133,455,394
"18:18 PM Wednesday, 08 November 2023 ()",hyena danger,262,131,440,393
"18:18 PM Wednesday, 08 November 2023 ()",hyena danger,256,138,434,392
"18:18 PM Wednesday, 08 November 2023 ()",hyena danger,257,138,438,389
"18:18 PM Wednesday, 08 November 2023 ()",hyena danger,284,131,468,398
"18:18 PM Wednesday, 08 November 2023 ()",hyena danger,309,130,491,398
"18:18 PM Wednesday, 08 November 2023 ()",hyena danger,324,127,516,396
"18:18 PM Wednesday, 08 November 2023 ()",hyena danger,342,99,531,406
"18:18 PM Wednesday, 08 November 2023 ()",hyena danger,367,116,561,406
"18:18 PM Wednesday, 08 November 2023 ()",hyena danger,381,115,570,402
"18:18 PM Wednesday, 08 November 2023 ()",hyena danger,390,113,575,407
"18:18 PM Wednesday, 08 November 2023 ()",hyena danger,381,113,568,407
"18:18 PM Wednesday, 08 November 2023 ()",hyena danger,365,103,564,424
"18:18 PM Wednesday, 08 November 2023 ()",hyena danger,353,117,547,410
"18:18 PM Wednesday, 08 November 2023 ()",hyena danger,327,119,531,409
"18:18 PM Wednesday, 08 November 2023 ()",hyena danger,332,107,509,431
"18:18 PM Wednesday, 08 November 2023 ()",hyena danger,322,109,514,416
"18:18 PM Wednesday, 08 November 2023 ()",hyena danger,323,111,518,410
"18:18 PM Wednesday, 08 November 2023 ()",hyena danger,345,109,525,415
"18:18 PM Wednesday, 08 November 2023 ()",hyena danger,356,113,552,409
"18:18 PM Wednesday, 08 November 2023 ()",hyena danger,366,107,560,417
"18:18 PM Wednesday, 08 November 2023 ()",hyena danger,372,99,573,430
"18:18 PM Wednesday, 08 November 2023 ()",hyena danger,370,99,579,433
"18:18 PM Wednesday, 08 November 2023 ()",hyena danger,370,102,587,435
"18:18 PM Wednesday, 08 November 2023 ()",hyena danger,369,101,591,448
"18:18 PM Wednesday, 08 November 2023 ()",hyena danger,365,103,594,453
"18:18 PM Wednesday, 08 November 2023 ()",hyena danger,364,104,595,455
"18:18 PM Wednesday, 08 November 2023 ()",hyena danger,360,102,605,470
"18:18 PM Wednesday, 08 November 2023 ()",hyena danger,359,106,605,471
"18:18 PM Wednesday, 08 November 2023 ()",hyena danger,359,111,610,468
"18:18 PM Wednesday, 08 November 2023 ()",hyena danger,354,107,614,472
"18:18 PM Wednesday, 08 November 2023 ()",hyena danger,348,126,626,470
"18:18 PM Wednesday, 08 November 2023 ()",hyena danger,335,66,535,412
"18:18 PM Wednesday, 08 November 2023 ()",hyena danger,321,82,519,410
"18:18 PM Wednesday, 08 November 2023 ()",hyena danger,314,94,499,386
"18:18 PM Wednesday, 08 November 2023 ()",hyena danger,313,104,494,379
"18:18 PM Wednesday, 08 November 2023 ()",hyena danger,309,110,488,388
"18:18 PM Wednesday, 08 November 2023 ()",hyena danger,309,115,486,382
"18:18 PM Wednesday, 08 November 2023 ()",hyena danger,309,116,483,382
"18:18 PM Wednesday, 08 November 2023 ()",hyena danger,311,109,480,388
"18:18 PM Wednesday, 08 November 2023 ()",hyena danger,312,115,484,387
"18:18 PM Wednesday, 08 November 2023 ()",hyena danger,325,86,510,380
"18:18 PM Wednesday, 08 November 2023 ()",hyena danger,353,101,539,373
"18:18 PM Wednesday, 08 November 2023 ()",hyena danger,397,101,571,391
"18:18 PM Wednesday, 08 November 2023 ()",hyena danger,415,101,609,389
"18:18 PM Wednesday, 08 November 2023 ()",hyena danger,413,97,609,390
"18:18 PM Wednesday, 08 November 2023 ()",hyena danger,494,113,640,379
"18:18 PM Wednesday, 08 November 2023 ()",hyena danger,518,107,640,428
"18:18 PM Wednesday, 08 November 2023 ()",hyena danger,525,123,641,416
"18:18 PM Wednesday, 08 November 2023 ()",hyena danger,334,108,524,387
"18:18 PM Wednesday, 08 November 2023 ()",hyena danger,337,105,520,393
"18:18 PM Wednesday, 08 November 2023 ()",hyena danger,335,108,519,388
"18:18 PM Wednesday, 08 November 2023 ()",hyena danger,337,115,525,384
"18:18 PM Wednesday, 08 November 2023 ()",hyena danger,335,102,521,391
"18:18 PM Wednesday, 08 November 2023 ()",hyena danger,329,113,518,375
"18:18 PM Wednesday, 08 November 2023 ()",hyena danger,331,117,519,375
"18:18 PM Wednesday, 08 November 2023 ()",hyena danger,330,117,517,377
"18:18 PM Wednesday, 08 November 2023 ()",hyena danger,328,115,520,378
"18:18 PM Wednesday, 08 November 2023 ()",hyena danger,330,120,519,375
"18:18 PM Wednesday, 08 November 2023 ()",hyena danger,329,118,516,375
"18:18 PM Wednesday, 08 November 2023 ()",hyena danger,330,121,519,374
"18:18 PM Wednesday, 08 November 2023 ()",hyena danger,330,123,516,375
"18:18 PM Wednesday, 08 November 2023 ()",hyena danger,332,117,515,376
"18:18 PM Wednesday, 08 November 2023 ()",hyena danger,329,123,519,375
"18:18 PM Wednesday, 08 November 2023 ()",hyena danger,341,108,522,386
"18:18 PM Wednesday, 08 November 2023 ()",hyena danger,348,106,524,392
"18:18 PM Wednesday, 08 November 2023 ()",hyena danger,353,107,537,388
"18:18 PM Wednesday, 08 November 2023 ()",hyena danger,353,107,540,380
"18:18 PM Wednesday, 08 November 2023 ()",hyena danger,354,113,539,382
"18:18 PM Wednesday, 08 November 2023 ()",hyena danger,353,107,526,382
"18:18 PM Wednesday, 08 November 2023 ()",hyena danger,344,107,518,385
"18:18 PM Wednesday, 08 November 2023 ()",hyena danger,337,104,520,385
"18:18 PM Wednesday, 08 November 2023 ()",hyena danger,334,109,522,381
"18:18 PM Wednesday, 08 November 2023 ()",hyena danger,333,111,522,380
"18:18 PM Wednesday, 08 November 2023 ()",hyena danger,334,114,518,376
"18:18 PM Wednesday, 08 November 2023 ()",hyena danger,332,121,517,377
"18:18 PM Wednesday, 08 November 2023 ()",hyena danger,334,114,516,383
"18:18 PM Wednesday, 08 November 2023 ()",hyena danger,331,114,515,387
"18:18 PM Wednesday, 08 November 2023 ()",hyena danger,329,114,508,385
"18:18 PM Wednesday, 08 November 2023 ()",hyena danger,323,126,506,380
"18:18 PM Wednesday, 08 November 2023 ()",hyena danger,328,125,508,381
"18:18 PM Wednesday, 08 November 2023 ()",hyena danger,328,122,511,384
"18:18 PM Wednesday, 08 November 2023 ()",hyena danger,329,125,511,381
"18:18 PM Wednesday, 08 November 2023 ()",hyena danger,330,119,516,389
"18:18 PM Wednesday, 08 November 2023 ()",hyena danger,333,116,516,390
"18:18 PM Wednesday, 08 November 2023 ()",hyena danger,333,118,516,390
"18:18 PM Wednesday, 08 November 2023 ()",hyena danger,335,116,516,389
"18:18 PM Wednesday, 08 November 2023 ()",hyena danger,331,120,516,386
"18:18 PM Wednesday, 08 November 2023 ()",hyena danger,333,114,517,390
"18:18 PM Wednesday, 08 November 2023 ()",hyena danger,329,120,517,384
"18:18 PM Wednesday, 08 November 2023 ()",hyena danger,333,124,517,384
"18:18 PM Wednesday, 08 November 2023 ()",hyena danger,331,121,515,385
"18:18 PM Wednesday, 08 November 2023 ()",hyena danger,333,120,511,386
"18:18 PM Wednesday, 08 November 2023 ()",hyena danger,330,121,512,387
"18:18 PM Wednesday, 08 November 2023 ()",hyena danger,327,124,511,383
"18:18 PM Wednesday, 08 November 2023 ()",hyena danger,325,118,513,387
"18:18 PM Wednesday, 08 November 2023 ()",hyena danger,326,120,514,386
"18:18 PM Wednesday, 08 November 2023 ()",hyena danger,326,121,513,385
"18:18 PM Wednesday, 08 November 2023 ()",hyena danger,327,118,513,383
"18:18 PM Wednesday, 08 November 2023 ()",hyena danger,321,115,513,393
"18:18 PM Wednesday, 08 November 2023 ()",hyena danger,322,113,510,394
"18:18 PM Wednesday, 08 November 2023 ()",hyena danger,319,116,508,389
"18:18 PM Wednesday, 08 November 2023 ()",hyena danger,322,115,506,390
"18:18 PM Wednesday, 08 November 2023 ()",hyena danger,317,117,502,391
"18:18 PM Wednesday, 08 November 2023 ()",hyena danger,314,119,504,390
"18:18 PM Wednesday, 08 November 2023 ()",hyena danger,314,121,496,388
"18:18 PM Wednesday, 08 November 2023 ()",hyena danger,311,126,497,382
"18:18 PM Wednesday, 08 November 2023 ()",hyena danger,311,122,495,385
"18:18 PM Wednesday, 08 November 2023 ()",hyena danger,309,119,497,391
"18:18 PM Wednesday, 08 November 2023 ()",hyena danger,309,119,495,389
"18:18 PM Wednesday, 08 November 2023 ()",hyena danger,308,120,493,388
"18:18 PM Wednesday, 08 November 2023 ()",hyena danger,314,119,497,389
"18:18 PM Wednesday, 08 November 2023 ()",hyena danger,316,118,498,386
"18:18 PM Wednesday, 08 November 2023 ()",hyena danger,330,105,505,400
"18:18 PM Wednesday, 08 November 2023 ()",hyena danger,335,114,508,395
"18:18 PM Wednesday, 08 November 2023 ()",hyena danger,331,120,515,402
"18:18 PM Wednesday, 08 November 2023 ()",hyena danger,331,117,518,406
"18:18 PM Wednesday, 08 November 2023 ()",hyena danger,346,107,527,418
"18:18 PM Wednesday, 08 November 2023 ()",hyena danger,356,121,541,403
"18:18 PM Wednesday, 08 November 2023 ()",hyena danger,362,114,550,412
"18:18 PM Wednesday, 08 November 2023 ()",hyena danger,366,110,553,413
"18:18 PM Wednesday, 08 November 2023 ()",hyena danger,362,110,554,417
"18:18 PM Wednesday, 08 November 2023 ()",hyena danger,369,113,562,411
"18:18 PM Wednesday, 08 November 2023 ()",hyena danger,372,110,563,415
"18:18 PM Wednesday, 08 November 2023 ()",hyena danger,373,113,565,412
"18:18 PM Wednesday, 08 November 2023 ()",hyena danger,366,111,568,417
"18:18 PM Wednesday, 08 November 2023 ()",hyena danger,367,110,567,418
"18:18 PM Wednesday, 08 November 2023 ()",hyena danger,370,112,562,416
"18:18 PM Wednesday, 08 November 2023 ()",hyena danger,364,110,560,417
"18:18 PM Wednesday, 08 November 2023 ()",hyena danger,362,110,561,415
"18:18 PM Wednesday, 08 November 2023 ()",hyena danger,361,107,561,421
"18:18 PM Wednesday, 08 November 2023 ()",hyena danger,363,113,560,412
"18:18 PM Wednesday, 08 November 2023 ()",hyena danger,363,113,566,416
"18:18 PM Wednesday, 08 November 2023 ()",hyena danger,357,110,564,418
"18:18 PM Wednesday, 08 November 2023 ()",hyena danger,364,104,558,422
"18:18 PM Wednesday, 08 November 2023 ()",hyena danger,366,111,555,414
"18:18 PM Wednesday, 08 November 2023 ()",hyena danger,364,113,556,414
"18:18 PM Wednesday, 08 November 2023 ()",hyena danger,359,109,555,425
"18:18 PM Wednesday, 08 November 2023 ()",hyena danger,354,107,551,431
"18:18 PM Wednesday, 08 November 2023 ()",hyena danger,354,110,552,429
"18:18 PM Wednesday, 08 November 2023 ()",hyena danger,354,108,548,428
"18:18 PM Wednesday, 08 November 2023 ()",hyena danger,350,110,550,437
"18:18 PM Wednesday, 08 November 2023 ()",hyena danger,348,106,545,431
"18:18 PM Wednesday, 08 November 2023 ()",hyena danger,350,107,544,436
"18:18 PM Wednesday, 08 November 2023 ()",hyena danger,350,110,547,439
"18:18 PM Wednesday, 08 November 2023 ()",hyena danger,349,105,544,435
"18:18 PM Wednesday, 08 November 2023 ()",hyena danger,347,107,547,437
"18:18 PM Wednesday, 08 November 2023 ()",hyena danger,348,106,541,441
"18:18 PM Wednesday, 08 November 2023 ()",hyena danger,346,114,547,425
"18:18 PM Wednesday, 08 November 2023 ()",hyena danger,342,112,540,428
"18:18 PM Wednesday, 08 November 2023 ()",hyena danger,350,109,550,436
"18:18 PM Wednesday, 08 November 2023 ()",hyena danger,351,111,546,436
"18:18 PM Wednesday, 08 November 2023 ()",hyena danger,352,107,546,434
"18:18 PM Wednesday, 08 November 2023 ()",hyena danger,349,108,548,442
"18:18 PM Wednesday, 08 November 2023 ()",hyena danger,350,108,545,440
"18:18 PM Wednesday, 08 November 2023 ()",hyena danger,351,110,543,436
"18:18 PM Wednesday, 08 November 2023 ()",hyena danger,350,101,544,438
"18:18 PM Wednesday, 08 November 2023 ()",hyena danger,348,107,549,439
"18:18 PM Wednesday, 08 November 2023 ()",hyena danger,348,104,546,439
"18:18 PM Wednesday, 08 November 2023 ()",hyena danger,351,107,547,437
"18:18 PM Wednesday, 08 November 2023 ()",hyena danger,349,106,549,440
"18:18 PM Wednesday, 08 November 2023 ()",hyena danger,349,105,546,440
"18:18 PM Wednesday, 08 November 2023 ()",hyena danger,352,116,545,438
"18:18 PM Wednesday, 08 November 2023 ()",hyena danger,349,108,550,443
"18:18 PM Wednesday, 08 November 2023 ()",hyena danger,354,111,549,439
"18:18 PM Wednesday, 08 November 2023 ()",hyena danger,356,114,553,426
"18:18 PM Wednesday, 08 November 2023 ()",hyena danger,354,111,558,432
"18:18 PM Wednesday, 08 November 2023 ()",hyena danger,349,114,556,439
"18:18 PM Wednesday, 08 November 2023 ()",hyena danger,351,119,568,430
"18:18 PM Wednesday, 08 November 2023 ()",hyena danger,362,118,565,428
"18:18 PM Wednesday, 08 November 2023 ()",hyena danger,365,120,567,426
"18:18 PM Wednesday, 08 November 2023 ()",hyena danger,348,107,560,434
"18:18 PM Wednesday, 08 November 2023 ()",hyena danger,349,113,552,429
"18:18 PM Wednesday, 08 November 2023 ()",hyena danger,354,106,550,433
"18:18 PM Wednesday, 08 November 2023 ()",hyena danger,351,114,549,432
"18:18 PM Wednesday, 08 November 2023 ()",hyena danger,346,103,543,436
"18:18 PM Wednesday, 08 November 2023 ()",hyena danger,347,115,534,424
"18:18 PM Wednesday, 08 November 2023 ()",hyena danger,340,115,535,420
"18:18 PM Wednesday, 08 November 2023 ()",hyena danger,340,112,531,427
"18:18 PM Wednesday, 08 November 2023 ()",hyena danger,339,113,528,425
"18:18 PM Wednesday, 08 November 2023 ()",hyena danger,339,116,529,422
"18:18 PM Wednesday, 08 November 2023 ()",hyena danger,334,121,527,421
"18:18 PM Wednesday, 08 November 2023 ()",hyena danger,328,110,525,428
"18:18 PM Wednesday, 08 November 2023 ()",hyena danger,323,109,522,424
"18:18 PM Wednesday, 08 November 2023 ()",hyena danger,326,113,526,427
"18:18 PM Wednesday, 08 November 2023 ()",hyena danger,329,109,528,425
"18:18 PM Wednesday, 08 November 2023 ()",hyena danger,327,110,522,430
"18:18 PM Wednesday, 08 November 2023 ()",hyena danger,323,111,525,426
"18:18 PM Wednesday, 08 November 2023 ()",hyena danger,323,112,522,428
"18:18 PM Wednesday, 08 November 2023 ()",hyena danger,324,110,523,429
"18:18 PM Wednesday, 08 November 2023 ()",hyena danger,333,110,527,422
"18:18 PM Wednesday, 08 November 2023 ()",hyena danger,330,115,527,418
"18:18 PM Wednesday, 08 November 2023 ()",hyena danger,327,118,522,421
"18:18 PM Wednesday, 08 November 2023 ()",hyena danger,317,115,519,420
"18:18 PM Wednesday, 08 November 2023 ()",hyena danger,313,117,519,430
"18:19 PM Wednesday, 08 November 2023 ()",hyena danger,328,120,526,420
"18:19 PM Wednesday, 08 November 2023 ()",hyena danger,365,88,583,407
"18:19 PM Wednesday, 08 November 2023 ()",hyena danger,325,103,547,396
"18:19 PM Wednesday, 08 November 2023 ()",hyena danger,316,98,507,396
"18:19 PM Wednesday, 08 November 2023 ()",hyena danger,300,86,475,399
"18:19 PM Wednesday, 08 November 2023 ()",hyena danger,287,87,462,406
"18:19 PM Wednesday, 08 November 2023 ()",hyena danger,279,88,443,412
"18:19 PM Wednesday, 08 November 2023 ()",hyena danger,257,108,445,381
"18:19 PM Wednesday, 08 November 2023 ()",hyena danger,270,103,458,390
"18:19 PM Wednesday, 08 November 2023 ()",hyena danger,318,105,499,380
"18:19 PM Wednesday, 08 November 2023 ()",hyena danger,320,105,514,377
"18:19 PM Wednesday, 08 November 2023 ()",hyena danger,327,99,521,385
"18:19 PM Wednesday, 08 November 2023 ()",hyena danger,335,95,524,392
"18:19 PM Wednesday, 08 November 2023 ()",hyena danger,343,94,519,395
"18:19 PM Wednesday, 08 November 2023 ()",hyena danger,336,100,523,389
"18:19 PM Wednesday, 08 November 2023 ()",hyena danger,340,100,524,387
"18:19 PM Wednesday, 08 November 2023 ()",hyena danger,344,101,524,392
"18:19 PM Wednesday, 08 November 2023 ()",hyena danger,346,96,527,393
"18:19 PM Wednesday, 08 November 2023 ()",hyena danger,349,107,541,393
"18:19 PM Wednesday, 08 November 2023 ()",hyena danger,342,100,533,387
"18:19 PM Wednesday, 08 November 2023 ()",hyena danger,341,99,534,389
"18:19 PM Wednesday, 08 November 2023 ()",hyena danger,345,103,543,378
"18:19 PM Wednesday, 08 November 2023 ()",hyena danger,353,103,540,374
"18:19 PM Wednesday, 08 November 2023 ()",hyena danger,356,100,541,394
"18:19 PM Wednesday, 08 November 2023 ()",hyena danger,355,105,544,391
"18:19 PM Wednesday, 08 November 2023 ()",hyena danger,355,106,543,390
"18:19 PM Wednesday, 08 November 2023 ()",hyena danger,354,99,546,396
"18:19 PM Wednesday, 08 November 2023 ()",hyena danger,354,106,545,395
"18:19 PM Wednesday, 08 November 2023 ()",hyena danger,348,103,550,393
"18:19 PM Wednesday, 08 November 2023 ()",hyena danger,355,95,544,402
"18:19 PM Wednesday, 08 November 2023 ()",hyena danger,347,105,545,397
"18:19 PM Wednesday, 08 November 2023 ()",hyena danger,352,102,538,397
"18:19 PM Wednesday, 08 November 2023 ()",hyena danger,349,99,528,399
"18:19 PM Wednesday, 08 November 2023 ()",hyena danger,350,102,527,398
"18:19 PM Wednesday, 08 November 2023 ()",hyena danger,345,99,531,403
"18:19 PM Wednesday, 08 November 2023 ()",hyena danger,347,90,528,405
"18:19 PM Wednesday, 08 November 2023 ()",hyena danger,348,102,532,402
"18:19 PM Wednesday, 08 November 2023 ()",hyena danger,351,105,540,394
"18:19 PM Wednesday, 08 November 2023 ()",hyena danger,349,106,542,394
"18:19 PM Wednesday, 08 November 2023 ()",hyena danger,350,105,541,396
"18:19 PM Wednesday, 08 November 2023 ()",hyena danger,353,103,539,402
"18:19 PM Wednesday, 08 November 2023 ()",hyena danger,348,109,540,396
"18:19 PM Wednesday, 08 November 2023 ()",hyena danger,354,99,521,400
"18:19 PM Wednesday, 08 November 2023 ()",hyena danger,349,101,525,403
"18:19 PM Wednesday, 08 November 2023 ()",hyena danger,353,93,527,405
"18:19 PM Wednesday, 08 November 2023 ()",hyena danger,348,98,530,402
"18:19 PM Wednesday, 08 November 2023 ()",hyena danger,347,105,531,398
"18:19 PM Wednesday, 08 November 2023 ()",hyena danger,353,98,525,404
"18:19 PM Wednesday, 08 November 2023 ()",hyena danger,345,102,526,396
"18:19 PM Wednesday, 08 November 2023 ()",hyena danger,347,103,525,392
"18:19 PM Wednesday, 08 November 2023 ()",hyena danger,328,115,516,392
"18:19 PM Wednesday, 08 November 2023 ()",hyena danger,321,119,514,389
"18:19 PM Wednesday, 08 November 2023 ()",hyena danger,319,118,512,388
"18:19 PM Wednesday, 08 November 2023 ()",hyena danger,329,118,516,387
"18:19 PM Wednesday, 08 November 2023 ()",hyena danger,337,116,521,383
"18:19 PM Wednesday, 08 November 2023 ()",hyena danger,339,107,523,392
"18:19 PM Wednesday, 08 November 2023 ()",hyena danger,342,113,531,383
"18:19 PM Wednesday, 08 November 2023 ()",hyena danger,340,110,534,389
"18:19 PM Wednesday, 08 November 2023 ()",hyena danger,347,104,526,391
"18:19 PM Wednesday, 08 November 2023 ()",hyena danger,341,97,530,402
"18:19 PM Wednesday, 08 November 2023 ()",hyena danger,345,99,525,398
"18:19 PM Wednesday, 08 November 2023 ()",hyena danger,345,102,523,405
"18:19 PM Wednesday, 08 November 2023 ()",hyena danger,346,108,527,412
"18:19 PM Wednesday, 08 November 2023 ()",hyena danger,344,108,535,398
"18:19 PM Wednesday, 08 November 2023 ()",hyena danger,341,107,536,398
"18:19 PM Wednesday, 08 November 2023 ()",hyena danger,341,100,531,406
"18:19 PM Wednesday, 08 November 2023 ()",hyena danger,345,109,531,411
"18:19 PM Wednesday, 08 November 2023 ()",hyena danger,338,111,536,397
"18:19 PM Wednesday, 08 November 2023 ()",hyena danger,345,104,529,403
"18:19 PM Wednesday, 08 November 2023 ()",hyena danger,344,105,530,399
"18:19 PM Wednesday, 08 November 2023 ()",hyena danger,346,98,524,403
"18:19 PM Wednesday, 08 November 2023 ()",hyena danger,341,109,519,398
"18:19 PM Wednesday, 08 November 2023 ()",hyena danger,334,111,520,399
"18:19 PM Wednesday, 08 November 2023 ()",hyena danger,328,113,515,397
"18:19 PM Wednesday, 08 November 2023 ()",hyena danger,326,113,514,398
"18:19 PM Wednesday, 08 November 2023 ()",hyena danger,313,115,516,397
"18:19 PM Wednesday, 08 November 2023 ()",hyena danger,317,123,515,397
"18:21 PM Wednesday, 08 November 2023 ()",hyena danger,232,154,403,385
"18:21 PM Wednesday, 08 November 2023 ()",hyena danger,239,151,397,378
"18:21 PM Wednesday, 08 November 2023 ()",hyena danger,236,156,396,374
"18:21 PM Wednesday, 08 November 2023 ()",hyena danger,241,161,409,384
"18:21 PM Wednesday, 08 November 2023 ()",hyena danger,260,134,416,391
"18:21 PM Wednesday, 08 November 2023 ()",hyena danger,265,148,435,364
"18:21 PM Wednesday, 08 November 2023 ()",hyena danger,276,144,453,365
"18:21 PM Wednesday, 08 November 2023 ()",hyena danger,286,143,459,364
"18:21 PM Wednesday, 08 November 2023 ()",hyena danger,293,143,460,367
"18:21 PM Wednesday, 08 November 2023 ()",hyena danger,298,134,468,389
"18:21 PM Wednesday, 08 November 2023 ()",hyena danger,302,134,474,402
"18:21 PM Wednesday, 08 November 2023 ()",hyena danger,314,119,482,392
"18:21 PM Wednesday, 08 November 2023 ()",hyena danger,330,127,498,407
"18:21 PM Wednesday, 08 November 2023 ()",hyena danger,333,133,509,404
"18:21 PM Wednesday, 08 November 2023 ()",hyena danger,321,136,511,405
"18:21 PM Wednesday, 08 November 2023 ()",hyena danger,317,139,503,415
"18:21 PM Wednesday, 08 November 2023 ()",hyena danger,311,127,487,436
"18:21 PM Wednesday, 08 November 2023 ()",hyena danger,279,183,435,428
"18:21 PM Wednesday, 08 November 2023 ()",hyena danger,289,140,459,423
"18:21 PM Wednesday, 08 November 2023 ()",hyena danger,308,135,506,416
"18:21 PM Wednesday, 08 November 2023 ()",hyena danger,329,122,525,411
"18:21 PM Wednesday, 08 November 2023 ()",hyena danger,348,115,531,416
"18:21 PM Wednesday, 08 November 2023 ()",hyena danger,330,127,523,425
"18:21 PM Wednesday, 08 November 2023 ()",hyena danger,261,159,409,448
"18:21 PM Wednesday, 08 November 2023 ()",hyena danger,261,178,404,441
"18:21 PM Wednesday, 08 November 2023 ()",hyena danger,269,161,434,419
"18:21 PM Wednesday, 08 November 2023 ()",hyena danger,285,148,460,421
"18:21 PM Wednesday, 08 November 2023 ()",hyena danger,295,134,477,417
"18:21 PM Wednesday, 08 November 2023 ()",hyena danger,313,141,496,412
"18:21 PM Wednesday, 08 November 2023 ()",hyena danger,321,136,512,405
"18:21 PM Wednesday, 08 November 2023 ()",hyena danger,330,127,514,400
"18:21 PM Wednesday, 08 November 2023 ()",hyena danger,338,124,521,400
"18:21 PM Wednesday, 08 November 2023 ()",hyena danger,341,123,519,402
"18:21 PM Wednesday, 08 November 2023 ()",hyena danger,341,122,520,404
"18:21 PM Wednesday, 08 November 2023 ()",hyena danger,338,122,515,399
"18:21 PM Wednesday, 08 November 2023 ()",hyena danger,336,122,517,402
"18:21 PM Wednesday, 08 November 2023 ()",hyena danger,337,124,514,400
"18:21 PM Wednesday, 08 November 2023 ()",hyena danger,336,124,515,397
"18:21 PM Wednesday, 08 November 2023 ()",hyena danger,337,120,514,403
"18:21 PM Wednesday, 08 November 2023 ()",hyena danger,339,123,513,401
"18:21 PM Wednesday, 08 November 2023 ()",hyena danger,339,124,517,400
"18:21 PM Wednesday, 08 November 2023 ()",hyena danger,341,120,512,403
"18:21 PM Wednesday, 08 November 2023 ()",hyena danger,338,127,513,399
"18:21 PM Wednesday, 08 November 2023 ()",hyena danger,337,129,515,399
"18:21 PM Wednesday, 08 November 2023 ()",hyena danger,339,121,511,403
"18:21 PM Wednesday, 08 November 2023 ()",hyena danger,333,124,514,401
"18:21 PM Wednesday, 08 November 2023 ()",hyena danger,334,130,511,396
"18:21 PM Wednesday, 08 November 2023 ()",hyena danger,334,125,509,403
"18:21 PM Wednesday, 08 November 2023 ()",hyena danger,336,124,511,399
"18:21 PM Wednesday, 08 November 2023 ()",hyena danger,337,121,514,406
"18:21 PM Wednesday, 08 November 2023 ()",hyena danger,337,122,523,403
"18:21 PM Wednesday, 08 November 2023 ()",hyena danger,338,117,525,406
"18:21 PM Wednesday, 08 November 2023 ()",hyena danger,336,112,533,409
"18:21 PM Wednesday, 08 November 2023 ()",hyena danger,333,108,546,418
"18:21 PM Wednesday, 08 November 2023 ()",hyena danger,331,95,562,437
"18:21 PM Wednesday, 08 November 2023 ()",hyena danger,325,104,572,430
"18:21 PM Wednesday, 08 November 2023 ()",hyena danger,338,84,567,449
"18:21 PM Wednesday, 08 November 2023 ()",hyena danger,342,97,580,451
"18:21 PM Wednesday, 08 November 2023 ()",hyena danger,340,87,583,474
"18:21 PM Wednesday, 08 November 2023 ()",hyena danger,339,101,592,467
"18:21 PM Wednesday, 08 November 2023 ()",hyena danger,334,103,598,466
"18:21 PM Wednesday, 08 November 2023 ()",hyena danger,337,98,594,476
"18:21 PM Wednesday, 08 November 2023 ()",hyena danger,334,100,601,473
"18:21 PM Wednesday, 08 November 2023 ()",hyena danger,335,94,599,480
"18:21 PM Wednesday, 08 November 2023 ()",hyena danger,334,98,596,469
"18:21 PM Wednesday, 08 November 2023 ()",hyena danger,353,97,570,469
"18:21 PM Wednesday, 08 November 2023 ()",hyena danger,339,99,578,468
"18:21 PM Wednesday, 08 November 2023 ()",hyena danger,333,92,583,469
"18:21 PM Wednesday, 08 November 2023 ()",hyena danger,335,90,576,469
"18:21 PM Wednesday, 08 November 2023 ()",hyena danger,332,86,575,471
"18:21 PM Wednesday, 08 November 2023 ()",hyena danger,335,94,574,466
"18:21 PM Wednesday, 08 November 2023 ()",hyena danger,343,99,576,443
"18:21 PM Wednesday, 08 November 2023 ()",hyena danger,353,77,563,407
"18:21 PM Wednesday, 08 November 2023 ()",hyena danger,346,93,556,385
"18:21 PM Wednesday, 08 November 2023 ()",hyena danger,349,106,542,378
"18:21 PM Wednesday, 08 November 2023 ()",hyena danger,352,111,526,377
"18:21 PM Wednesday, 08 November 2023 ()",hyena danger,356,120,522,372
"18:21 PM Wednesday, 08 November 2023 ()",hyena danger,358,120,517,373
"18:21 PM Wednesday, 08 November 2023 ()",hyena danger,352,121,516,372
"18:21 PM Wednesday, 08 November 2023 ()",hyena danger,341,127,512,369
"18:21 PM Wednesday, 08 November 2023 ()",hyena danger,335,118,508,375
"18:21 PM Wednesday, 08 November 2023 ()",hyena danger,315,130,495,374
"18:21 PM Wednesday, 08 November 2023 ()",hyena danger,315,131,490,392
"18:21 PM Wednesday, 08 November 2023 ()",hyena danger,315,127,480,397
"18:21 PM Wednesday, 08 November 2023 ()",hyena danger,305,135,471,397
"18:21 PM Wednesday, 08 November 2023 ()",hyena danger,304,128,470,400
"18:21 PM Wednesday, 08 November 2023 ()",hyena danger,308,128,469,413
"18:21 PM Wednesday, 08 November 2023 ()",hyena danger,318,139,489,414
"18:21 PM Wednesday, 08 November 2023 ()",hyena danger,330,139,496,417
"18:22 PM Wednesday, 08 November 2023 ()",hyena danger,323,138,499,417
"18:22 PM Wednesday, 08 November 2023 ()",hyena danger,322,141,497,417
"18:22 PM Wednesday, 08 November 2023 ()",hyena danger,321,140,495,416
"18:22 PM Wednesday, 08 November 2023 ()",hyena danger,319,144,493,416
"18:22 PM Wednesday, 08 November 2023 ()",hyena danger,318,139,495,415
